datum_tijd,levering,teruglevering
2023-09-14 00:00:00.000000000,0.0,0.0
2023-09-14 00:00:57.657657657,0.0,0.0
2023-09-14 00:01:55.315315315,0.0,0.0
2023-09-14 00:02:52.972972972,0.0,0.0
2023-09-14 00:03:50.630630630,-0.0,0.0
2023-09-14 00:04:48.288288288,-0.0,0.0
2023-09-14 00:05:45.945945945,-0.0,0.0
2023-09-14 00:06:43.603603603,0.0,0.0
2023-09-14 00:07:41.261261261,0.0,0.0
2023-09-14 00:08:38.918918918,0.0,0.0
2023-09-14 00:09:36.576576576,-0.0,0.0
2023-09-14 00:10:34.234234234,-0.0,0.0
2023-09-14 00:11:31.891891891,-0.0,0.0
2023-09-14 00:12:29.549549549,0.0,0.0
2023-09-14 00:13:27.207207207,0.0,0.0
2023-09-14 00:14:24.864864864,0.0,0.0
2023-09-14 00:15:22.522522522,-0.0,0.0
2023-09-14 00:16:20.180180180,-0.0,0.0
2023-09-14 00:17:17.837837837,-0.0,0.0
2023-09-14 00:18:15.495495495,0.0,0.0
2023-09-14 00:19:13.153153153,0.0,0.0
2023-09-14 00:20:10.810810810,0.0,0.0
2023-09-14 00:21:08.468468468,-0.0,0.0
2023-09-14 00:22:06.126126126,-0.0,0.0
2023-09-14 00:23:03.783783783,-0.0,0.0
2023-09-14 00:24:01.441441441,-0.0,0.0
2023-09-14 00:24:59.099099099,0.0,0.0
2023-09-14 00:25:56.756756756,0.0,0.0
2023-09-14 00:26:54.414414414,0.0,0.0
2023-09-14 00:27:52.072072072,-0.0,0.0
2023-09-14 00:28:49.729729729,-0.0,0.0
2023-09-14 00:29:47.387387387,-0.0,0.0
2023-09-14 00:30:45.045045045,0.0,0.0
2023-09-14 00:31:42.702702702,0.0,0.0
2023-09-14 00:32:40.360360360,0.0,0.0
2023-09-14 00:33:38.018018018,-0.0,0.0
2023-09-14 00:34:35.675675675,-0.0,0.0
2023-09-14 00:35:33.333333333,-0.0,0.0
2023-09-14 00:36:30.990990990,0.0,0.0
2023-09-14 00:37:28.648648648,0.0,0.0
2023-09-14 00:38:26.306306306,0.0,0.0
2023-09-14 00:39:23.963963963,-0.0,0.0
2023-09-14 00:40:21.621621621,-0.0,0.0
2023-09-14 00:41:19.279279279,-0.0,0.0
2023-09-14 00:42:16.936936936,0.0,0.0
2023-09-14 00:43:14.594594594,0.0,0.0
2023-09-14 00:44:12.252252252,0.0,0.0
2023-09-14 00:45:09.909909909,0.0,0.0
2023-09-14 00:46:07.567567567,-0.0,0.0
2023-09-14 00:47:05.225225225,-0.0,0.0
2023-09-14 00:48:02.882882882,-0.0,0.0
2023-09-14 00:49:00.540540540,0.0,0.0
2023-09-14 00:49:58.198198198,0.0,0.0
2023-09-14 00:50:55.855855855,0.0,0.0
2023-09-14 00:51:53.513513513,-0.0,0.0
2023-09-14 00:52:51.171171171,-0.0,0.0
2023-09-14 00:53:48.828828828,-0.0,0.0
2023-09-14 00:54:46.486486486,0.0,0.0
2023-09-14 00:55:44.144144144,0.0,0.0
2023-09-14 00:56:41.801801801,0.0,0.0
2023-09-14 00:57:39.459459459,-0.0,0.0
2023-09-14 00:58:37.117117117,-0.0,0.0
2023-09-14 00:59:34.774774774,-0.0,0.0
2023-09-14 01:00:32.432432432,0.0,0.0
2023-09-14 01:01:30.090090090,0.0,0.0
2023-09-14 01:02:27.747747747,0.0,0.0
2023-09-14 01:03:25.405405405,-0.0,0.0
2023-09-14 01:04:23.063063063,-0.0,0.0
2023-09-14 01:05:20.720720720,-0.0,0.0
2023-09-14 01:06:18.378378378,-0.0,0.0
2023-09-14 01:07:16.036036036,0.0,0.0
2023-09-14 01:08:13.693693693,0.0,0.0
2023-09-14 01:09:11.351351351,0.0,0.0
2023-09-14 01:10:09.009009009,-0.0,0.0
2023-09-14 01:11:06.666666666,-0.0,0.0
2023-09-14 01:12:04.324324324,-0.0,0.0
2023-09-14 01:13:01.981981981,0.0,0.0
2023-09-14 01:13:59.639639639,0.0,0.0
2023-09-14 01:14:57.297297297,0.0,0.0
2023-09-14 01:15:54.954954954,-0.0,0.0
2023-09-14 01:16:52.612612612,-0.0,0.0
2023-09-14 01:17:50.270270270,-0.0,0.0
2023-09-14 01:18:47.927927927,0.0,0.0
2023-09-14 01:19:45.585585585,0.0,0.0
2023-09-14 01:20:43.243243243,0.0,0.0
2023-09-14 01:21:40.900900900,-0.0,0.0
2023-09-14 01:22:38.558558558,-0.0,0.0
2023-09-14 01:23:36.216216216,-0.0,0.0
2023-09-14 01:24:33.873873873,0.0,0.0
2023-09-14 01:25:31.531531531,0.0,0.0
2023-09-14 01:26:29.189189189,0.0,0.0
2023-09-14 01:27:26.846846846,0.0,0.0
2023-09-14 01:28:24.504504504,-0.0,0.0
2023-09-14 01:29:22.162162162,-0.0,0.0
2023-09-14 01:30:19.819819819,-0.0,0.0
2023-09-14 01:31:17.477477477,0.0,0.0
2023-09-14 01:32:15.135135135,0.0,0.0
2023-09-14 01:33:12.792792792,0.0,0.0
2023-09-14 01:34:10.450450450,-0.0,0.0
2023-09-14 01:35:08.108108108,-0.0,0.0
2023-09-14 01:36:05.765765765,-0.0,0.0
2023-09-14 01:37:03.423423423,0.0,0.0
2023-09-14 01:38:01.081081081,0.0,0.0
2023-09-14 01:38:58.738738738,0.0,0.0
2023-09-14 01:39:56.396396396,-0.0,0.0
2023-09-14 01:40:54.054054054,-0.0,0.0
2023-09-14 01:41:51.711711711,-0.0,0.0
2023-09-14 01:42:49.369369369,0.0,0.0
2023-09-14 01:43:47.027027027,0.0,0.0
2023-09-14 01:44:44.684684684,0.0,0.0
2023-09-14 01:45:42.342342342,-0.0,0.0
2023-09-14 01:46:40.000000000,-0.0,0.0
2023-09-14 01:47:37.657657657,-0.0,0.0
2023-09-14 01:48:35.315315315,-0.0,0.0
2023-09-14 01:49:32.972972972,0.0,0.0
2023-09-14 01:50:30.630630630,0.0,0.0
2023-09-14 01:51:28.288288288,0.0,0.0
2023-09-14 01:52:25.945945945,-0.0,0.0
2023-09-14 01:53:23.603603603,-0.0,0.0
2023-09-14 01:54:21.261261261,-0.0,0.0
2023-09-14 01:55:18.918918918,0.0,0.0
2023-09-14 01:56:16.576576576,0.0,0.0
2023-09-14 01:57:14.234234234,0.0,0.0
2023-09-14 01:58:11.891891891,-0.0,0.0
2023-09-14 01:59:09.549549549,-0.0,0.0
2023-09-14 02:00:07.207207207,-0.0,0.0
2023-09-14 02:01:04.864864864,0.0,0.0
2023-09-14 02:02:02.522522522,0.0,0.0
2023-09-14 02:03:00.180180180,0.0,0.0
2023-09-14 02:03:57.837837837,-0.0,0.0
2023-09-14 02:04:55.495495495,-0.0,0.0
2023-09-14 02:05:53.153153153,-0.0,0.0
2023-09-14 02:06:50.810810810,0.0,0.0
2023-09-14 02:07:48.468468468,0.0,0.0
2023-09-14 02:08:46.126126126,0.0,0.0
2023-09-14 02:09:43.783783783,0.0,0.0
2023-09-14 02:10:41.441441441,-0.0,0.0
2023-09-14 02:11:39.099099099,-0.0,0.0
2023-09-14 02:12:36.756756756,-0.0,0.0
2023-09-14 02:13:34.414414414,0.0,0.0
2023-09-14 02:14:32.072072072,0.0,0.0
2023-09-14 02:15:29.729729729,0.0,0.0
2023-09-14 02:16:27.387387387,-0.0,0.0
2023-09-14 02:17:25.045045045,-0.0,0.0
2023-09-14 02:18:22.702702702,-0.0,0.0
2023-09-14 02:19:20.360360360,0.0,0.0
2023-09-14 02:20:18.018018018,0.0,0.0
2023-09-14 02:21:15.675675675,0.0,0.0
2023-09-14 02:22:13.333333333,-0.0,0.0
2023-09-14 02:23:10.990990990,-0.0,0.0
2023-09-14 02:24:08.648648648,-0.0,0.0
2023-09-14 02:25:06.306306306,0.0,0.0
2023-09-14 02:26:03.963963963,0.0,0.0
2023-09-14 02:27:01.621621621,0.0,0.0
2023-09-14 02:27:59.279279279,-0.0,0.0
2023-09-14 02:28:56.936936936,-0.0,0.0
2023-09-14 02:29:54.594594594,-0.0,0.0
2023-09-14 02:30:52.252252252,-0.0,0.0
2023-09-14 02:31:49.909909909,0.0,0.0
2023-09-14 02:32:47.567567567,0.0,0.0
2023-09-14 02:33:45.225225225,0.0,0.0
2023-09-14 02:34:42.882882882,-0.0,0.0
2023-09-14 02:35:40.540540540,-0.0,0.0
2023-09-14 02:36:38.198198198,-0.0,0.0
2023-09-14 02:37:35.855855855,0.0,0.0
2023-09-14 02:38:33.513513513,0.0,0.0
2023-09-14 02:39:31.171171171,0.0,0.0
2023-09-14 02:40:28.828828828,-0.0,0.0
2023-09-14 02:41:26.486486486,-0.0,0.0
2023-09-14 02:42:24.144144144,-0.0,0.0
2023-09-14 02:43:21.801801801,0.0,0.0
2023-09-14 02:44:19.459459459,0.0,0.0
2023-09-14 02:45:17.117117117,0.0,0.0
2023-09-14 02:46:14.774774774,-0.0,0.0
2023-09-14 02:47:12.432432432,-0.0,0.0
2023-09-14 02:48:10.090090090,-0.0,0.0
2023-09-14 02:49:07.747747747,0.0,0.0
2023-09-14 02:50:05.405405405,0.0,0.0
2023-09-14 02:51:03.063063063,0.0,0.0
2023-09-14 02:52:00.720720720,0.0,0.0
2023-09-14 02:52:58.378378378,-0.0,0.0
2023-09-14 02:53:56.036036036,-0.0,0.0
2023-09-14 02:54:53.693693693,-0.0,0.0
2023-09-14 02:55:51.351351351,0.0,0.0
2023-09-14 02:56:49.009009009,0.0,0.0
2023-09-14 02:57:46.666666666,0.0,0.0
2023-09-14 02:58:44.324324324,-0.0,0.0
2023-09-14 02:59:41.981981981,-0.0,0.0
2023-09-14 03:00:39.639639639,-0.0,0.0
2023-09-14 03:01:37.297297297,0.0,0.0
2023-09-14 03:02:34.954954954,0.0,0.0
2023-09-14 03:03:32.612612612,0.0,0.0
2023-09-14 03:04:30.270270270,-0.0,0.0
2023-09-14 03:05:27.927927927,-0.0,0.0
2023-09-14 03:06:25.585585585,-0.0,0.0
2023-09-14 03:07:23.243243243,0.0,0.0
2023-09-14 03:08:20.900900900,0.0,0.0
2023-09-14 03:09:18.558558558,0.0,0.0
2023-09-14 03:10:16.216216216,-0.0,0.0
2023-09-14 03:11:13.873873873,-0.0,0.0
2023-09-14 03:12:11.531531531,-0.0,0.0
2023-09-14 03:13:09.189189189,-0.8730694266043201,0.0
2023-09-14 03:14:06.846846846,16.047523677660724,0.0
2023-09-14 03:15:04.504504504,22.689217590908974,0.0
2023-09-14 03:16:02.162162162,5.659370060758154,0.0
2023-09-14 03:16:59.819819819,-22.322667525348457,0.0
2023-09-14 03:17:57.477477477,-33.25229076285873,0.0
2023-09-14 03:18:55.135135135,-12.434723319478678,0.0
2023-09-14 03:19:52.792792792,23.870490362578927,0.0
2023-09-14 03:20:50.450450450,41.31432893627055,0.0
2023-09-14 03:21:48.108108108,20.387377554786614,0.0
2023-09-14 03:22:45.765765765,-22.389843704885745,0.0
2023-09-14 03:23:43.423423423,-47.41885965337199,0.0
2023-09-14 03:24:41.081081081,-28.980131590511878,0.0
2023-09-14 03:25:38.738738738,18.533851278516096,0.0
2023-09-14 03:26:36.396396396,51.63764232845539,0.0
2023-09-14 03:27:34.054054054,37.76718684408434,0.0
2023-09-14 03:28:31.711711711,-12.721557182174713,0.0
2023-09-14 03:29:29.369369369,-53.94666569498966,0.0
2023-09-14 03:30:27.027027027,-46.352281920271324,0.0
2023-09-14 03:31:24.684684684,5.30392274925189,0.0
2023-09-14 03:32:22.342342342,54.31751387842597,0.0
2023-09-14 03:33:20.000000000,54.377163313027694,0.0
2023-09-14 03:34:17.657657657,3.385045188826636,0.0
2023-09-14 03:35:15.315315315,-52.74912122081596,0.0
2023-09-14 03:36:12.972972972,-61.519993572373345,0.0
2023-09-14 03:37:10.630630630,-13.011164015423203,0.0
2023-09-14 03:38:08.288288288,49.280543954106506,0.0
2023-09-14 03:39:05.945945945,67.49751783588529,0.0
2023-09-14 03:40:03.603603603,23.23600536697477,0.0
2023-09-14 03:41:01.261261261,-43.9957842063432,0.0
2023-09-14 03:41:58.918918918,-72.06855432878989,0.0
2023-09-14 03:42:56.576576576,-33.71871831295281,0.0
2023-09-14 03:43:54.234234234,37.02446409144149,0.0
2023-09-14 03:44:51.891891891,75.03766196475834,0.0
2023-09-14 03:45:49.549549549,44.12076490092066,0.0
2023-09-14 03:46:47.207207207,-28.539909773206617,0.0
2023-09-14 03:47:44.864864864,-76.25837021048872,0.0
2023-09-14 03:48:42.522522522,-54.11211266028068,0.0
2023-09-14 03:49:40.180180180,18.755403038720495,0.0
2023-09-14 03:50:37.837837837,75.63561239368934,0.0
2023-09-14 03:51:35.495495495,63.37806344823702,0.0
2023-09-14 03:52:33.153153153,-7.919042135048267,0.0
2023-09-14 03:53:30.810810810,-73.12714573767514,0.0
2023-09-14 03:54:28.468468468,-71.62619325662234,0.0
2023-09-14 03:55:26.126126126,-3.692477009000153,0.0
2023-09-14 03:56:23.783783783,68.74383185590978,0.0
2023-09-14 03:57:21.441441441,78.59303074372365,0.0
2023-09-14 03:58:19.099099099,15.78090267327121,0.0
2023-09-14 03:59:16.756756756,-62.5487164292276,0.0
2023-09-14 04:00:14.414414414,-84.05019200078036,0.0
2023-09-14 04:01:12.072072072,-28.034058229599296,0.0
2023-09-14 04:02:09.729729729,54.65489803392872,0.0
2023-09-14 04:03:07.387387387,87.80974940478134,0.0
2023-09-14 04:04:05.045045045,40.13383712473295,0.0
2023-09-14 04:05:02.702702702,-45.2222189987837,0.0
2023-09-14 04:06:00.360360360,-89.72865892177343,0.0
2023-09-14 04:06:58.018018018,-51.7643420245681,0.0
2023-09-14 04:07:55.675675675,34.45284822225776,0.0
2023-09-14 04:08:53.333333333,89.71211029165173,0.0
2023-09-14 04:09:50.990990990,62.61995321070689,0.0
2023-09-14 04:10:48.648648648,-22.585858134944647,0.0
2023-09-14 04:11:46.306306306,-87.71570164614558,0.0
2023-09-14 04:12:43.963963963,-72.41311859194093,0.0
2023-09-14 04:13:41.621621621,9.890925798975402,0.0
2023-09-14 04:14:39.279279279,83.7463758408166,0.0
2023-09-14 04:15:36.936936936,80.88166825124809,0.0
2023-09-14 04:16:34.594594594,3.3386884929808645,0.0
2023-09-14 04:17:32.252252252,-77.86209065450551,0.0
2023-09-14 04:18:29.909909909,-87.79547070982156,0.0
2023-09-14 04:19:27.567567567,-16.79371295894378,0.0
2023-09-14 04:20:25.225225225,70.17022901019523,0.0
2023-09-14 04:21:22.882882882,92.96226608973352,0.0
2023-09-14 04:22:20.540540540,30.156800202095187,0.0
2023-09-14 04:23:18.198198198,-60.824788184214114,0.0
2023-09-14 04:24:15.855855855,-96.23253288317575,0.0
2023-09-14 04:25:13.513513513,-43.11063186999488,0.0
2023-09-14 04:26:11.171171171,50.022418123408194,0.0
2023-09-14 04:27:08.828828828,97.50326970205546,0.0
2023-09-14 04:28:06.486486486,55.34599260770038,0.0
2023-09-14 04:29:04.144144144,-37.997407939035305,0.0
2023-09-14 04:30:01.801801801,-96.72060067408515,0.0
2023-09-14 04:30:59.459459459,-66.56961468176246,0.0
2023-09-14 04:31:57.117117117,25.015745833718377,0.0
2023-09-14 04:32:54.774774774,93.88114246498816,0.0
2023-09-14 04:33:52.432432432,76.51160044553785,0.0
2023-09-14 04:34:50.090090090,-11.3684006097831,0.0
2023-09-14 04:35:47.747747747,-89.03210156999712,0.0
2023-09-14 04:36:45.405405405,-84.93224034989161,0.0
2023-09-14 04:37:43.063063063,-2.6360079786332387,0.0
2023-09-14 04:38:40.720720720,82.27010181789304,0.0
2023-09-14 04:39:38.378378378,91.6280591902125,0.0
2023-09-14 04:40:36.036036036,16.678967841109444,0.0
2023-09-14 04:41:33.693693693,-73.73877323252415,0.0
2023-09-14 04:42:31.351351351,-96.43694233601431,0.0
2023-09-14 04:43:29.009009009,-30.440069529246756,0.0
2023-09-14 04:44:26.666666666,63.625163763732566,0.0
2023-09-14 04:45:24.324324324,99.24221633773017,0.0
2023-09-14 04:46:21.981981981,43.6050392895722,0.0
2023-09-14 04:47:19.639639639,-52.1550642130286,0.0
2023-09-14 04:48:17.297297297,-99.97558399011494,0.0
2023-09-14 04:49:14.954954954,-55.87361106881197,0.0
2023-09-14 04:50:12.612612612,39.587363255589125,0.0
2023-09-14 04:51:10.270270270,98.61884202752108,0.0
2023-09-14 04:52:07.927927927,66.96704236995598,0.0
2023-09-14 04:53:05.585585585,-26.207573167460225,0.0
2023-09-14 04:54:03.243243243,-95.2043394528291,0.0
2023-09-14 04:55:00.900900900,-76.63508762624365,0.0
2023-09-14 04:55:58.558558558,12.320687140411916,0.0
2023-09-14 04:56:56.216216216,89.81416533907517,0.0
2023-09-14 04:57:53.873873873,84.66225606012694,0.0
2023-09-14 04:58:51.531531531,1.7564545777940357,0.0
2023-09-14 04:59:49.189189189,-82.57808604779412,0.0
2023-09-14 05:00:46.846846846,-90.8731985029997,0.0
2023-09-14 05:01:44.504504504,-15.703100435797067,0.0
2023-09-14 05:02:42.162162162,73.67028243166388,0.0
2023-09-14 05:03:39.819819819,95.13708894832165,0.0
2023-09-14 05:04:37.477477477,29.20262850096031,0.0
2023-09-14 05:05:35.135135135,-63.30496699315794,0.0
2023-09-14 05:06:32.792792792,-97.37089118641588,0.0
2023-09-14 05:07:30.450450450,-41.95049317639219,0.0
2023-09-14 05:08:28.108108108,51.73098844552477,0.0
2023-09-14 05:09:25.765765765,97.54142813768826,0.0
2023-09-14 05:10:23.423423423,53.66188054701879,0.0
2023-09-14 05:11:21.081081081,-39.22555600162173,0.0
2023-09-14 05:12:18.738738738,-95.66620081342096,0.0
2023-09-14 05:13:16.396396396,-64.07888222224783,0.0
2023-09-14 05:14:14.054054054,26.08723739324786,0.0
2023-09-14 05:15:11.711711711,91.81293449332442,0.0
2023-09-14 05:16:09.369369369,72.97700925073428,0.0
2023-09-14 05:17:07.027027027,-12.628402564652303,0.0
2023-09-14 05:18:04.684684684,-86.09786098978283,0.0
2023-09-14 05:19:02.342342342,-80.17088381133381,0.0
2023-09-14 05:20:00.000000000,-0.8327012609608176,0.0
2023-09-14 05:20:57.657657657,78.6827770306085,0.0
2023-09-14 05:21:55.315315315,85.51896658231175,0.0
2023-09-14 05:22:52.972972972,13.980048230388435,0.0
2023-09-14 05:23:50.630630630,-69.77094910170621,0.0
2023-09-14 05:24:48.288288288,-88.92720152194173,0.0
2023-09-14 05:25:45.945945945,-26.50790690009996,0.0
2023-09-14 05:26:43.603603603,59.601963840753115,0.0
2023-09-14 05:27:41.261261261,90.35148675242108,0.0
2023-09-14 05:28:38.918918918,38.128688883161345,0.0
2023-09-14 05:29:36.576576576,-48.44564960181696,0.0
2023-09-14 05:30:34.234234234,-89.7989097723803,0.0
2023-09-14 05:31:31.891891891,-48.58037987013052,0.0
2023-09-14 05:32:29.549549549,36.59521852675408,0.0
2023-09-14 05:33:27.207207207,87.32771675851038,0.0
2023-09-14 05:34:24.864864864,57.63337031058961,0.0
2023-09-14 05:35:22.522522522,-24.359798864928276,0.0
2023-09-14 05:36:20.180180180,-83.04601870079495,0.0
2023-09-14 05:37:17.837837837,-65.0965184133718,0.0
2023-09-14 05:38:15.495495495,12.056544007731173,0.0
2023-09-14 05:39:13.153153153,77.10927107126147,0.0
2023-09-14 05:40:10.810810810,70.82229817391777,0.0
2023-09-14 05:41:08.468468468,-0.0025175498456327283,0.0
2023-09-14 05:42:06.126126126,-69.71659833877325,0.0
2023-09-14 05:43:03.783783783,-74.71090968178376,0.0
2023-09-14 05:44:01.441441441,-11.49343730075519,0.0
2023-09-14 05:44:59.099099099,61.10606990434518,0.0
2023-09-14 05:45:56.756756756,76.71325787314453,0.0
2023-09-14 05:46:54.414414414,22.138630056682732,0.0
2023-09-14 05:47:52.072072072,-51.54907049385227,0.0
2023-09-14 05:48:49.729729729,-76.83273922406165,0.0
2023-09-14 05:49:47.387387387,-31.66403994923618,0.0
2023-09-14 05:50:45.045045045,41.34394728963586,0.0
2023-09-14 05:51:42.702702702,75.12581407906438,0.0
2023-09-14 05:52:40.360360360,39.83119766866889,0.0
2023-09-14 05:53:38.018018018,-30.809161656013174,0.0
2023-09-14 05:54:35.675675675,-71.70138663488821,0.0
2023-09-14 05:55:33.333333333,-46.43820525464025,0.0
2023-09-14 05:56:30.990990990,20.276232684313808,0.0
2023-09-14 05:57:28.648648648,66.71906794654436,0.0
2023-09-14 05:58:26.306306306,51.324648560703906,0.0
2023-09-14 05:59:23.963963963,-10.082848693675663,0.0
2023-09-14 06:00:21.621621621,-60.386465982771234,0.0
2023-09-14 06:01:19.279279279,-54.37510720230283,0.0
2023-09-14 06:02:16.936936936,0.5666756436971971,0.0
2023-09-14 06:03:14.594594594,52.95574441372228,0.0
2023-09-14 06:04:12.252252252,55.52084501242797,0.0
2023-09-14 06:05:09.909909909,7.939312252189708,0.0
2023-09-14 06:06:07.567567567,-44.7198493650216,0.0
2023-09-14 06:07:05.225225225,-54.73896529640637,0.0
2023-09-14 06:08:02.882882882,-15.10851462833618,0.0
2023-09-14 06:09:00.540540540,36.009095425985606,0.0
2023-09-14 06:09:58.198198198,52.04755047395624,0.0
2023-09-14 06:10:55.855855855,20.616392836701,0.0
2023-09-14 06:11:53.513513513,-27.18942731349348,0.0
2023-09-14 06:12:51.171171171,-47.49316290427492,0.0
2023-09-14 06:13:48.828828828,-24.122915572538012,0.0
2023-09-14 06:14:46.486486486,18.665237265739066,0.0
2023-09-14 06:15:44.144144144,41.12012927710641,0.0
2023-09-14 06:16:41.801801801,25.220536626739023,0.0
2023-09-14 06:17:39.459459459,-10.894367425161894,0.0
2023-09-14 06:18:37.117117117,-32.8825095430895,0.0
2023-09-14 06:19:34.774774774,-23.265523208091313,0.0
2023-09-14 06:20:32.432432432,4.442268080227812,0.0
2023-09-14 06:21:30.090090090,22.281382465991175,0.0
2023-09-14 06:22:27.747747747,16.55177538776792,0.0
2023-09-14 06:23:25.405405405,-0.2501415554833669,0.0
2023-09-14 06:24:23.063063063,0.0,0.0
2023-09-14 06:25:20.720720720,50.88442538147422,0.0
2023-09-14 06:26:18.378378378,9.833915301679117,0.0
2023-09-14 06:27:16.036036036,74.70847026590724,0.0
2023-09-14 06:28:13.693693693,106.81928220972814,0.0
2023-09-14 06:29:11.351351351,32.76697558470744,0.0
2023-09-14 06:30:09.009009009,91.46907910900799,0.0
2023-09-14 06:31:06.666666666,145.0570228301022,0.0
2023-09-14 06:32:04.324324324,62.06379452250734,0.0
2023-09-14 06:33:01.981981981,92.67556548044617,0.0
2023-09-14 06:33:59.639639639,174.31315438403198,0.0
2023-09-14 06:34:57.297297297,95.11797648550811,0.0
2023-09-14 06:35:54.954954954,82.8718657604416,0.0
2023-09-14 06:36:52.612612612,195.81573576516865,0.0
2023-09-14 06:37:50.270270270,129.9646977115473,0.0
2023-09-14 06:38:47.927927927,64.2336327990317,0.0
2023-09-14 06:39:45.585585585,209.68263310047485,0.0
2023-09-14 06:40:43.243243243,164.9106430222888,0.0
2023-09-14 06:41:40.900900900,38.32212320425373,0.0
2023-09-14 06:42:38.558558558,215.81507309852594,0.0
2023-09-14 06:43:36.216216216,198.4348138336323,0.0
2023-09-14 06:44:33.873873873,6.5188677550866885,0.0
2023-09-14 06:45:31.531531531,214.15065735360486,0.0
2023-09-14 06:46:29.189189189,229.1635202771288,0.0
2023-09-14 06:47:26.846846846,29.832734713316107,0.0
2023-09-14 06:48:24.504504504,204.75727944547654,0.0
2023-09-14 06:49:22.162162162,255.8718506378606,0.0
2023-09-14 06:50:19.819819819,69.38197006683794,0.0
2023-09-14 06:51:17.477477477,187.87103403389244,0.0
2023-09-14 06:52:15.135135135,277.49520076406117,0.0
2023-09-14 06:53:12.792792792,110.76465460305866,0.0
2023-09-14 06:54:10.450450450,163.90879844715496,0.0
2023-09-14 06:55:08.108108108,293.1438402813623,0.0
2023-09-14 06:56:05.765765765,152.61536596373847,0.0
2023-09-14 06:57:03.423423423,133.46674415510356,0.0
2023-09-14 06:58:01.081081081,302.1170060469767,0.0
2023-09-14 06:58:58.738738738,193.58885600489276,0.0
2023-09-14 06:59:56.396396396,97.30967185471373,0.0
2023-09-14 07:00:54.054054054,303.91456414715384,0.0
2023-09-14 07:01:51.711711711,232.38592093607508,0.0
2023-09-14 07:02:49.369369369,56.35369384510912,0.0
2023-09-14 07:03:47.027027027,298.24507403030236,0.0
2023-09-14 07:04:44.684684684,267.780942939531,0.0
2023-09-14 07:05:42.342342342,11.643831984598009,0.0
2023-09-14 07:06:40.000000000,285.02955413079707,0.0
2023-09-14 07:07:37.657657657,298.64925351870437,0.0
2023-09-14 07:08:35.315315315,35.67230089772299,0.0
2023-09-14 07:09:32.972972972,264.40056070171073,0.0
2023-09-14 07:10:30.630630630,323.9929746293221,0.0
2023-09-14 07:11:28.288288288,84.37373683109809,0.0
2023-09-14 07:12:25.945945945,236.6964255492898,0.0
2023-09-14 07:13:23.603603603,342.96430430257163,0.0
2023-09-14 07:14:21.261261261,133.19737673971346,0.0
2023-09-14 07:15:18.918918918,202.45068809112837,0.0
2023-09-14 07:16:16.576576576,354.8854328198377,0.0
2023-09-14 07:17:14.234234234,180.87030525572598,0.0
2023-09-14 07:18:11.891891891,162.37691845713033,0.0
2023-09-14 07:19:09.549549549,359.2644518024799,0.0
2023-09-14 07:20:07.207207207,226.14232009763717,0.0
2023-09-14 07:21:04.864864864,117.34926833829145,0.0
2023-09-14 07:22:02.522522522,355.80677481636724,0.0
2023-09-14 07:23:00.180180180,267.81782460879515,0.0
2023-09-14 07:23:57.837837837,68.37920781305816,0.0
2023-09-14 07:24:55.495495495,344.42173501435065,0.0
2023-09-14 07:25:53.153153153,304.78626737740075,0.0
2023-09-14 07:26:50.810810810,16.589010183157395,0.0
2023-09-14 07:27:48.468468468,325.2241674840091,0.0
2023-09-14 07:28:46.126126126,336.05036191854174,0.0
2023-09-14 07:29:43.783783783,36.817367326269604,0.0
2023-09-14 07:30:41.441441441,298.5309225689725,0.0
2023-09-14 07:31:39.099099099,360.7513832693622,0.0
2023-09-14 07:32:36.756756756,90.58529194783986,0.0
2023-09-14 07:33:34.414414414,264.8523909364973,0.0
2023-09-14 07:34:32.072072072,378.19091678522057,0.0
2023-09-14 07:35:29.729729729,143.44158988941305,0.0
2023-09-14 07:36:27.387387387,224.87925005253706,0.0
2023-09-14 07:37:25.045045045,387.84852629795904,0.0
2023-09-14 07:38:22.702702702,194.12701598406858,0.0
2023-09-14 07:39:20.360360360,179.46476299182865,0.0
2023-09-14 07:40:18.018018018,389.39491235327284,0.0
2023-09-14 07:41:15.675675675,241.42825947973114,0.0
2023-09-14 07:42:13.333333333,129.603071957317,0.0
2023-09-14 07:43:10.990990990,382.70024427514727,0.0
2023-09-14 07:44:08.648648648,284.20869893830866,0.0
2023-09-14 07:45:06.306306306,76.4040283185858,0.0
2023-09-14 07:46:03.963963963,367.8374697758711,0.0
2023-09-14 07:47:01.621621621,321.4371506170762,0.0
2023-09-14 07:47:59.279279279,21.06518635306116,0.0
2023-09-14 07:48:56.936936936,345.08052997909414,0.0
2023-09-14 07:49:54.594594594,352.21390462994617,0.0
2023-09-14 07:50:52.252252252,35.15834262112363,0.0
2023-09-14 07:51:49.909909909,314.8975331542002,0.0
2023-09-14 07:52:47.567567567,375.79341031408285,0.0
2023-09-14 07:53:45.225225225,90.98542688696328,0.0
2023-09-14 07:54:42.882882882,277.9390642242088,0.0
2023-09-14 07:55:40.540540540,391.60305485852024,0.0
2023-09-14 07:56:38.198198198,145.14105924720434,0.0
2023-09-14 07:57:35.855855855,235.02192628402037,0.0
2023-09-14 07:58:33.513513513,399.2575753390439,0.0
2023-09-14 07:59:31.171171171,196.38831324793733,0.0
2023-09-14 08:00:28.828828828,187.10872212899045,0.0
2023-09-14 08:01:26.486486486,398.5687514964542,0.0
2023-09-14 08:02:24.144144144,243.5593187266615,0.0
2023-09-14 08:03:21.801801801,135.28378549328963,0.0
2023-09-14 08:04:19.459459459,389.5501422898817,0.0
2023-09-14 08:05:17.117117117,285.58448898899275,0.0
2023-09-14 08:06:14.774774774,80.72606091492197,0.0
2023-09-14 08:07:12.432432432,372.41675065566085,0.0
2023-09-14 08:08:10.090090090,321.519274878069,0.0
2023-09-14 08:09:07.747747747,24.679605752766513,0.0
2023-09-14 08:10:05.405405405,347.5796250776875,0.0
2023-09-14 08:11:03.063063063,350.5677815836282,0.0
2023-09-14 08:12:00.720720720,31.577553904655147,0.0
2023-09-14 08:12:58.378378378,315.6355305361676,0.0
2023-09-14 08:13:56.036036036,372.10266078056736,0.0
2023-09-14 08:14:53.693693693,86.76544128082041,0.0
2023-09-14 08:15:51.351351351,277.3519421623978,0.0
2023-09-14 08:16:49.009009009,385.6807817488081,0.0
2023-09-14 08:17:46.666666666,139.63422711005353,0.0
2023-09-14 08:18:44.324324324,233.64772957556977,0.0
2023-09-14 08:19:41.981981981,391.05428833175154,0.0
2023-09-14 08:20:39.639639639,188.9956118972731,0.0
2023-09-14 08:21:37.297297297,185.5700056416599,0.0
2023-09-14 08:22:34.954954954,388.17676147975243,0.0
2023-09-14 08:23:32.612612612,233.75271327271167,0.0
2023-09-14 08:24:30.270270270,134.2677077055875,0.0
2023-09-14 08:25:27.927927927,377.20432701215344,0.0
2023-09-14 08:26:25.585585585,272.9277156932413,0.0
2023-09-14 08:27:23.243243243,80.96255989832116,0.0
2023-09-14 08:28:20.900900900,358.4916722691083,0.0
2023-09-14 08:29:18.558558558,305.68659426551983,0.0
2023-09-14 08:30:16.216216216,26.918129914509088,0.0
2023-09-14 08:31:13.873873873,332.5830605726349,0.0
2023-09-14 08:32:11.531531531,331.3602961050607,0.0
2023-09-14 08:33:09.189189189,26.592258948607128,0.0
2023-09-14 08:34:06.846846846,300.1985559154713,0.0
2023-09-14 08:35:04.504504504,349.46184983811645,0.0
2023-09-14 08:36:02.162162162,78.31797096041288,0.0
2023-09-14 08:36:59.819819819,262.2157891434363,0.0
2023-09-14 08:37:57.477477477,359.6989747215703,0.0
2023-09-14 08:38:55.135135135,127.06305757121171,0.0
2023-09-14 08:39:52.792792792,219.64770832550232,0.0
2023-09-14 08:40:50.450450450,361.9818732758977,0.0
2023-09-14 08:41:48.108108108,171.71702542661941,0.0
2023-09-14 08:42:45.765765765,173.61685746928956,0.0
2023-09-14 08:43:43.423423423,356.42601302209624,0.0
2023-09-14 08:44:41.081081081,211.28361545477543,0.0
2023-09-14 08:45:38.738738738,125.32681700414483,0.0
2023-09-14 08:46:36.396396396,343.34983158406186,0.0
2023-09-14 08:47:34.054054054,244.90688610999277,0.0
2023-09-14 08:48:31.711711711,76.03151470519894,0.0
2023-09-14 08:49:29.369369369,323.2674329120846,0.0
2023-09-14 08:50:27.027027027,271.8939633714207,0.0
2023-09-14 08:51:24.684684684,27.003175714820728,0.0
2023-09-14 08:52:22.342342342,296.8764789593542,0.0
2023-09-14 08:53:20.000000000,291.73390796545846,0.0
2023-09-14 08:54:17.657657657,20.50027546038127,0.0
2023-09-14 08:55:15.315315315,265.0416198783776,0.0
2023-09-14 08:56:12.972972972,304.11225580235583,0.0
2023-09-14 08:57:10.630630630,65.26751903808055,0.0
2023-09-14 08:58:08.288288288,228.77394728215987,0.0
2023-09-14 08:59:05.945945945,308.9209104785027,0.0
2023-09-14 09:00:03.603603603,106.16499200600194,0.0
2023-09-14 09:01:01.261261261,189.20710266535696,0.0
2023-09-14 09:01:58.918918918,306.2632075825545,0.0
2023-09-14 09:02:56.576576576,142.16602154782035,0.0
2023-09-14 09:03:54.234234234,147.57083513810676,0.0
2023-09-14 09:04:51.891891891,296.4541322542562,0.0
2023-09-14 09:05:49.549549549,172.37706222603342,0.0
2023-09-14 09:06:47.207207207,105.16299749188144,0.0
2023-09-14 09:07:44.864864864,280.0158610450661,0.0
2023-09-14 09:08:42.522522522,196.06012498041753,0.0
2023-09-14 09:09:40.180180180,63.32123563816556,0.0
2023-09-14 09:10:37.837837837,257.6690323644533,0.0
2023-09-14 09:11:35.495495495,212.65038561238597,0.0
2023-09-14 09:12:33.153153153,23.3960451591376,0.0
2023-09-14 09:13:30.810810810,230.32046070935195,0.0
2023-09-14 09:14:28.468468468,221.76770016111774,0.0
2023-09-14 09:15:26.126126126,13.272378821851326,0.0
2023-09-14 09:16:23.783783783,199.04847331536067,0.0
2023-09-14 09:17:21.441441441,223.22011319451084,0.0
2023-09-14 09:18:19.099099099,45.36955604068435,0.0
2023-09-14 09:19:16.756756756,165.08783667748932,0.0
2023-09-14 09:20:14.414414414,216.99585188426053,0.0
2023-09-14 09:21:12.072072072,71.6070615654752,0.0
2023-09-14 09:22:09.729729729,129.81778610416217,0.0
2023-09-14 09:23:07.387387387,203.23610914096784,0.0
2023-09-14 09:24:05.045045045,90.69192483432525,0.0
2023-09-14 09:25:02.702702702,94.76017745118025,0.0
2023-09-14 09:26:00.360360360,182.1686602999943,0.0
2023-09-14 09:26:58.018018018,101.22446049266426,0.0
2023-09-14 09:27:55.675675675,61.60416483076347,0.0
2023-09-14 09:28:53.333333333,153.93982026174444,0.0
2023-09-14 09:29:50.990990990,101.395598875904,0.0
2023-09-14 09:30:48.648648648,32.305121347029896,0.0
2023-09-14 09:31:46.306306306,118.08728852381459,0.0
2023-09-14 09:32:43.963963963,87.91362016172012,0.0
2023-09-14 09:33:41.621621621,9.455994438319566,0.0
2023-09-14 09:34:39.279279279,70.84494366472666,0.0
2023-09-14 09:35:36.936936936,48.78228640761782,0.0
2023-09-14 09:36:34.594594594,0.0,0.0
2023-09-14 09:37:32.252252252,-11.522063021229632,0.0
2023-09-14 09:38:29.909909909,-18.443004843681155,0.0
2023-09-14 09:39:27.567567567,-4.490694624820284,0.0
2023-09-14 09:40:25.225225225,20.36114881207919,0.0
2023-09-14 09:41:22.882882882,30.30450085141093,0.0
2023-09-14 09:42:20.540540540,10.97098676978398,0.0
2023-09-14 09:43:18.198198198,-22.900273528539152,0.0
2023-09-14 09:44:15.855855855,-38.988848240345376,0.0
2023-09-14 09:45:13.513513513,-18.7391322980815,0.0
2023-09-14 09:46:11.171171171,22.074232648960294,0.0
2023-09-14 09:47:08.828828828,45.55999661255862,0.0
2023-09-14 09:48:06.486486486,27.231783851710876,0.0
2023-09-14 09:49:04.144144144,-18.719374928097487,0.0
2023-09-14 09:50:01.801801801,-50.19245073405464,0.0
2023-09-14 09:50:59.459459459,-35.990725218148384,0.0
2023-09-14 09:51:57.117117117,13.310210410699357,0.0
2023-09-14 09:52:54.774774774,52.89277356114432,0.0
2023-09-14 09:53:52.432432432,44.61163264238346,0.0
2023-09-14 09:54:50.090090090,-6.218939926897621,0.0
2023-09-14 09:55:47.747747747,-53.64142054527957,0.0
2023-09-14 09:56:45.405405405,-52.72955786578656,0.0
2023-09-14 09:57:43.063063063,-2.2113828843653223,0.0
2023-09-14 09:58:40.720720720,52.43777613129099,0.0
2023-09-14 09:59:38.378378378,60.01619155285659,0.0
2023-09-14 10:00:36.036036036,11.64238211547259,0.0
2023-09-14 10:01:33.693693693,-49.3176419905764,0.0
2023-09-14 10:02:31.351351351,-66.18156429624074,0.0
2023-09-14 10:03:29.009009009,-21.733291699818224,0.0
2023-09-14 10:04:26.666666666,44.36011547594788,0.0
2023-09-14 10:05:24.324324324,70.9773714808523,0.0
2023-09-14 10:06:21.981981981,32.1413811144592,0.0
2023-09-14 10:07:19.639639639,-37.68931468169819,0.0
2023-09-14 10:08:17.297297297,-74.20062674855004,0.0
2023-09-14 10:09:14.954954954,-42.52598557691844,0.0
2023-09-14 10:10:12.612612612,29.4730759771314,0.0
2023-09-14 10:11:10.270270270,75.69696210535149,0.0
2023-09-14 10:12:07.927927927,52.554333817192386,0.0
2023-09-14 10:13:05.585585585,-19.91960229352904,0.0
2023-09-14 10:14:03.243243243,-75.36318130132464,0.0
2023-09-14 10:15:00.900900900,-61.90819985246168,0.0
2023-09-14 10:15:58.558558558,9.272598651320662,0.0
2023-09-14 10:16:56.216216216,73.14882963599517,0.0
2023-09-14 10:17:53.873873873,70.29078002130088,0.0
2023-09-14 10:18:51.531531531,2.1947503639890544,0.0
2023-09-14 10:19:49.189189189,-69.05664072317758,0.0
2023-09-14 10:20:46.846846846,-77.43338452416577,0.0
2023-09-14 10:21:44.504504504,-14.18668352431606,0.0
2023-09-14 10:22:42.162162162,63.14178934086043,0.0
2023-09-14 10:23:39.819819819,83.10163876842543,0.0
2023-09-14 10:24:37.477477477,26.39240137786666,0.0
2023-09-14 10:25:35.135135135,-55.50993278218328,0.0
2023-09-14 10:26:32.792792792,-87.10095817935535,0.0
2023-09-14 10:27:30.450450450,-38.49400938743865,0.0
2023-09-14 10:28:28.108108108,46.31406732994291,0.0
2023-09-14 10:29:25.765765765,89.281110746456,0.0
2023-09-14 10:30:23.423423423,50.17464223280767,0.0
2023-09-14 10:31:21.081081081,-35.75026446859026,0.0
2023-09-14 10:32:18.738738738,-89.53972379678673,0.0
2023-09-14 10:33:16.396396396,-61.126551688899,0.0
2023-09-14 10:34:14.054054054,24.05238447655674,0.0
2023-09-14 10:35:11.711711711,87.82462978324116,0.0
2023-09-14 10:36:09.369369369,71.05894800951323,0.0
2023-09-14 10:37:07.027027027,-11.485893559819358,0.0
2023-09-14 10:38:04.684684684,-84.13498228780516,0.0
2023-09-14 10:39:02.342342342,-79.70539518991659,0.0
2023-09-14 10:40:00.000000000,-1.6590652449363488,0.0
2023-09-14 10:40:57.657657657,78.52110876119774,0.0
2023-09-14 10:41:55.315315315,86.8305744482876,0.0
2023-09-14 10:42:52.972972972,15.075177667784448,0.0
2023-09-14 10:43:50.630630630,-71.08310087633716,0.0
2023-09-14 10:44:48.288288288,-92.23624789714471,0.0
2023-09-14 10:45:45.945945945,-28.445855809534166,0.0
2023-09-14 10:46:43.603603603,61.96817652658464,0.0
2023-09-14 10:47:41.261261261,95.76627552297991,0.0
2023-09-14 10:48:38.918918918,41.453333387968435,0.0
2023-09-14 10:49:36.576576576,-51.36687902100324,0.0
2023-09-14 10:50:34.234234234,-97.31056291007131,0.0
2023-09-14 10:51:31.891891891,-53.78675938821928,0.0
2023-09-14 10:52:29.549549549,39.50820839677353,0.0
2023-09-14 10:53:27.207207207,96.80784414749448,0.0
2023-09-14 10:54:24.864864864,65.15009102375967,0.0
2023-09-14 10:55:22.522522522,-26.653806434748663,0.0
2023-09-14 10:56:20.180180180,-94.24723345997873,0.0
2023-09-14 10:57:17.837837837,-75.26959200613753,0.0
2023-09-14 10:58:15.495495495,13.091340394745382,0.0
2023-09-14 10:59:13.153153153,89.66850964478817,0.0
2023-09-14 11:00:10.810810810,83.90075198852854,0.0
2023-09-14 11:01:08.468468468,0.872749804541471,0.0
2023-09-14 11:02:06.126126126,-83.16112867226815,0.0
2023-09-14 11:03:03.783783783,-90.83445741723551,0.0
2023-09-14 11:04:01.441441441,-14.920960668794322,0.0
2023-09-14 11:04:59.099099099,74.86199108582646,0.0
2023-09-14 11:05:56.756756756,95.90226252481392,0.0
2023-09-14 11:06:54.414414414,28.732699089506713,0.0
2023-09-14 11:07:52.072072072,-64.95202138183498,0.0
2023-09-14 11:08:49.729729729,-98.98063136508236,0.0
2023-09-14 11:09:47.387387387,-41.99232341674025,0.0
2023-09-14 11:10:45.045045045,53.65164563960945,0.0
2023-09-14 11:11:42.702702702,99.99404707793369,0.0
2023-09-14 11:12:40.360360360,54.39705233633756,0.0
2023-09-14 11:13:38.018018018,-41.215280617189336,0.0
2023-09-14 11:14:35.675675675,-98.91691236395539,0.0
2023-09-14 11:15:33.333333333,-65.66454556720996,0.0
2023-09-14 11:16:30.990990990,27.924971690471924,0.0
2023-09-14 11:17:28.648648648,95.77419477176585,0.0
2023-09-14 11:18:26.306306306,75.53996848802171,0.0
2023-09-14 11:19:23.963963963,-14.083337816553971,0.0
2023-09-14 11:20:21.621621621,-90.64080113930436,0.0
2023-09-14 11:21:19.279279279,-83.80236546568524,0.0
2023-09-14 11:22:16.936936936,0.005998650575753315,0.0
2023-09-14 11:23:14.594594594,83.6396966432518,0.0
2023-09-14 11:24:12.252252252,90.2701835824028,0.0
2023-09-14 11:25:09.909909909,13.986328367240539,0.0
2023-09-14 11:26:07.567567567,-74.93881464900555,0.0
2023-09-14 11:27:05.225225225,-94.80580923594377,0.0
2023-09-14 11:28:02.882882882,-27.575865017933573,0.0
2023-09-14 11:29:00.540540540,64.74683317658283,0.0
2023-09-14 11:29:58.198198198,97.31900422173155,0.0
2023-09-14 11:30:55.855855855,40.45574411512213,0.0
2023-09-14 11:31:53.513513513,-53.30792159054048,0.0
2023-09-14 11:32:51.171171171,-97.76915481890423,0.0
2023-09-14 11:33:48.828828828,-52.33771833788963,0.0
2023-09-14 11:34:46.486486486,40.895586411516064,0.0
2023-09-14 11:35:44.144144144,96.16627645457757,0.0
2023-09-14 11:36:41.801801801,62.95941464061824,0.0
2023-09-14 11:37:39.459459459,-27.805767317568872,0.0
2023-09-14 11:38:37.117117117,-92.57074702002954,0.0
2023-09-14 11:39:34.774774774,-72.09095383358516,0.0
2023-09-14 11:40:32.432432432,14.34935291034592,0.0
2023-09-14 11:41:30.090090090,87.09177313516659,0.0
2023-09-14 11:42:27.747747747,79.54077042548973,0.0
2023-09-14 11:43:25.405405405,-0.844300202214308,0.0
2023-09-14 11:44:23.063063063,-79.88462486356796,0.0
2023-09-14 11:45:20.720720720,-85.16048743578658,0.0
2023-09-14 11:46:18.378378378,-12.3924483338522,0.0
2023-09-14 11:47:16.036036036,71.14670483275125,0.0
2023-09-14 11:48:13.693693693,88.84872419344107,0.0
2023-09-14 11:49:11.351351351,25.053051190482698,0.0
2023-09-14 11:50:09.009009009,-61.11254669840286,0.0
2023-09-14 11:51:06.666666666,-90.5537416394531,0.0
2023-09-14 11:52:04.324324324,-36.846658582561844,0.0
2023-09-14 11:53:01.981981981,50.04786473482128,0.0
2023-09-14 11:53:59.639639639,90.27485879017378,0.0
2023-09-14 11:54:57.297297297,47.506913206137355,0.0
2023-09-14 11:55:54.954954954,-38.24280042799542,0.0
2023-09-14 11:56:52.612612612,-88.06260521699724,0.0
2023-09-14 11:57:50.270270270,-56.798876462371474,0.0
2023-09-14 11:58:47.927927927,26.00453277115346,0.0
2023-09-14 11:59:45.585585585,84.01760708349475,0.0
2023-09-14 12:00:43.243243243,64.52521026255152,0.0
2023-09-14 12:01:40.900900900,-13.64943610958908,0.0
2023-09-14 12:02:38.558558558,-78.28823793941241,0.0
2023-09-14 12:03:36.216216216,-70.5314638741069,0.0
2023-09-14 12:04:33.873873873,1.4949826003192639,0.0
2023-09-14 12:05:31.531531531,71.06709972104541,0.0
2023-09-14 12:06:29.189189189,74.71033910804641,0.0
2023-09-14 12:07:26.846846846,10.148404397465054,0.0
2023-09-14 12:08:24.504504504,-62.586434121987594,0.0
2023-09-14 12:09:22.162162162,-77.00483533116417,0.0
2023-09-14 12:10:19.819819819,-20.985334133859123,0.0
2023-09-14 12:11:17.477477477,53.11260001185184,0.0
2023-09-14 12:12:15.135135135,77.41020830512299,0.0
2023-09-14 12:13:12.792792792,30.74305500288809,0.0
2023-09-14 12:14:10.450450450,-42.93979007193018,0.0
2023-09-14 12:15:08.108108108,-75.9747140410751,0.0
2023-09-14 12:16:05.765765765,-39.17846804417617,0.0
2023-09-14 12:17:03.423423423,32.38320205091637,0.0
2023-09-14 12:18:01.081081081,72.79915174123278,0.0
2023-09-14 12:18:58.738738738,46.084328512469554,0.0
2023-09-14 12:19:56.396396396,-21.771932899175052,0.0
2023-09-14 12:20:54.054054054,-68.03527090971012,0.0
2023-09-14 12:21:51.711711711,-51.29440516198003,0.0
2023-09-14 12:22:49.369369369,11.441939838767578,0.0
2023-09-14 12:23:47.027027027,61.88317217159646,0.0
2023-09-14 12:24:44.684684684,54.687333560051655,0.0
2023-09-14 12:25:42.342342342,-1.7295376774629874,0.0
2023-09-14 12:26:40.000000000,-54.58792076027008,0.0
2023-09-14 12:27:37.657657657,-56.18881410373727,0.0
2023-09-14 12:28:35.315315315,-7.033863548325655,0.0
2023-09-14 12:29:32.972972972,46.4357317288275,0.0
2023-09-14 12:30:30.630630630,55.771593626802144,0.0
2023-09-14 12:31:28.288288288,14.524585634985208,0.0
2023-09-14 12:32:25.945945945,-37.750337654492576,0.0
2023-09-14 12:33:23.603603603,-53.452134345069304,0.0
2023-09-14 12:34:21.261261261,-20.42473778063446,0.0
2023-09-14 12:35:18.918918918,28.890670908228106,0.0
2023-09-14 12:36:16.576576576,49.281421314466,0.0
2023-09-14 12:37:14.234234234,24.41016763642901,0.0
2023-09-14 12:38:11.891891891,-20.252247462809628,0.0
2023-09-14 12:39:09.549549549,-43.32289204636888,0.0
2023-09-14 12:40:07.207207207,-26.11373435978239,0.0
2023-09-14 12:41:04.864864864,12.278254935418808,0.0
2023-09-14 12:42:02.522522522,35.59371046130922,0.0
2023-09-14 12:43:00.180180180,25.01318106315015,0.0
2023-09-14 12:43:57.837837837,-5.4998125638080495,0.0
2023-09-14 12:44:55.495495495,-25.857484184246545,0.0
2023-09-14 12:45:53.153153153,-19.977960493349133,0.0
2023-09-14 12:46:50.810810810,0.7056163072423294,0.0
2023-09-14 12:47:48.468468468,12.133205903709962,0.0
2023-09-14 12:48:46.126126126,0.0,0.0
2023-09-14 12:49:43.783783783,0.0,0.0
2023-09-14 12:50:41.441441441,-0.0,0.0
2023-09-14 12:51:39.099099099,-0.0,0.0
2023-09-14 12:52:36.756756756,-0.0,0.0
2023-09-14 12:53:34.414414414,0.0,0.0
2023-09-14 12:54:32.072072072,0.0,0.0
2023-09-14 12:55:29.729729729,0.0,0.0
2023-09-14 12:56:27.387387387,-0.0,0.0
2023-09-14 12:57:25.045045045,-0.0,0.0
2023-09-14 12:58:22.702702702,-0.0,0.0
2023-09-14 12:59:20.360360360,0.0,0.0
2023-09-14 13:00:18.018018018,0.0,0.0
2023-09-14 13:01:15.675675675,0.0,0.0
2023-09-14 13:02:13.333333333,-0.0,0.0
2023-09-14 13:03:10.990990990,-0.0,0.0
2023-09-14 13:04:08.648648648,-0.0,0.0
2023-09-14 13:05:06.306306306,0.0,0.0
2023-09-14 13:06:03.963963963,0.0,0.0
2023-09-14 13:07:01.621621621,0.0,0.0
2023-09-14 13:07:59.279279279,-0.0,0.0
2023-09-14 13:08:56.936936936,-0.0,0.0
2023-09-14 13:09:54.594594594,-0.0,0.0
2023-09-14 13:10:52.252252252,-0.0,0.0
2023-09-14 13:11:49.909909909,0.0,0.0
2023-09-14 13:12:47.567567567,0.0,0.0
2023-09-14 13:13:45.225225225,0.0,0.0
2023-09-14 13:14:42.882882882,-0.0,0.0
2023-09-14 13:15:40.540540540,-0.0,0.0
2023-09-14 13:16:38.198198198,-0.0,0.0
2023-09-14 13:17:35.855855855,0.0,0.0
2023-09-14 13:18:33.513513513,0.0,0.0
2023-09-14 13:19:31.171171171,0.0,0.0
2023-09-14 13:20:28.828828828,-0.0,0.0
2023-09-14 13:21:26.486486486,-0.0,0.0
2023-09-14 13:22:24.144144144,-0.0,0.0
2023-09-14 13:23:21.801801801,0.0,0.0
2023-09-14 13:24:19.459459459,0.0,0.0
2023-09-14 13:25:17.117117117,0.0,0.0
2023-09-14 13:26:14.774774774,-0.0,0.0
2023-09-14 13:27:12.432432432,-0.0,0.0
2023-09-14 13:28:10.090090090,-0.0,0.0
2023-09-14 13:29:07.747747747,0.0,0.0
2023-09-14 13:30:05.405405405,0.0,0.0
2023-09-14 13:31:03.063063063,0.0,0.0
2023-09-14 13:32:00.720720720,0.0,0.0
2023-09-14 13:32:58.378378378,-0.0,0.0
2023-09-14 13:33:56.036036036,-0.0,0.0
2023-09-14 13:34:53.693693693,-0.0,0.0
2023-09-14 13:35:51.351351351,0.0,0.0
2023-09-14 13:36:49.009009009,0.0,0.0
2023-09-14 13:37:46.666666666,0.0,0.0
2023-09-14 13:38:44.324324324,-0.0,0.0
2023-09-14 13:39:41.981981981,-0.0,0.0
2023-09-14 13:40:39.639639639,-0.0,0.0
2023-09-14 13:41:37.297297297,0.0,0.0
2023-09-14 13:42:34.954954954,0.0,0.0
2023-09-14 13:43:32.612612612,0.0,0.0
2023-09-14 13:44:30.270270270,-0.0,0.0
2023-09-14 13:45:27.927927927,-0.0,0.0
2023-09-14 13:46:25.585585585,-0.0,0.0
2023-09-14 13:47:23.243243243,0.0,0.0
2023-09-14 13:48:20.900900900,0.0,0.0
2023-09-14 13:49:18.558558558,0.0,0.0
2023-09-14 13:50:16.216216216,-0.0,0.0
2023-09-14 13:51:13.873873873,-0.0,0.0
2023-09-14 13:52:11.531531531,-0.0,0.0
2023-09-14 13:53:09.189189189,-0.0,0.0
2023-09-14 13:54:06.846846846,0.0,0.0
2023-09-14 13:55:04.504504504,0.0,0.0
2023-09-14 13:56:02.162162162,0.0,0.0
2023-09-14 13:56:59.819819819,-0.0,0.0
2023-09-14 13:57:57.477477477,-0.0,0.0
2023-09-14 13:58:55.135135135,-0.0,0.0
2023-09-14 13:59:52.792792792,0.0,0.0
2023-09-14 14:00:50.450450450,0.0,0.0
2023-09-14 14:01:48.108108108,0.0,0.0
2023-09-14 14:02:45.765765765,-0.0,0.0
2023-09-14 14:03:43.423423423,-0.0,0.0
2023-09-14 14:04:41.081081081,-0.0,0.0
2023-09-14 14:05:38.738738738,0.0,0.0
2023-09-14 14:06:36.396396396,0.0,0.0
2023-09-14 14:07:34.054054054,0.0,0.0
2023-09-14 14:08:31.711711711,-0.0,0.0
2023-09-14 14:09:29.369369369,-0.0,0.0
2023-09-14 14:10:27.027027027,-0.0,0.0
2023-09-14 14:11:24.684684684,0.0,0.0
2023-09-14 14:12:22.342342342,0.0,0.0
2023-09-14 14:13:20.000000000,0.0,0.0
2023-09-14 14:14:17.657657657,0.0,0.0
2023-09-14 14:15:15.315315315,-0.0,0.0
2023-09-14 14:16:12.972972972,-0.0,0.0
2023-09-14 14:17:10.630630630,-0.0,0.0
2023-09-14 14:18:08.288288288,0.0,0.0
2023-09-14 14:19:05.945945945,0.0,0.0
2023-09-14 14:20:03.603603603,0.0,0.0
2023-09-14 14:21:01.261261261,-0.0,0.0
2023-09-14 14:21:58.918918918,-0.0,0.0
2023-09-14 14:22:56.576576576,-0.0,0.0
2023-09-14 14:23:54.234234234,0.0,0.0
2023-09-14 14:24:51.891891891,0.0,0.0
2023-09-14 14:25:49.549549549,0.0,0.0
2023-09-14 14:26:47.207207207,-0.0,0.0
2023-09-14 14:27:44.864864864,-0.0,0.0
2023-09-14 14:28:42.522522522,-0.0,0.0
2023-09-14 14:29:40.180180180,0.0,0.0
2023-09-14 14:30:37.837837837,0.0,0.0
2023-09-14 14:31:35.495495495,0.0,0.0
2023-09-14 14:32:33.153153153,-0.0,0.0
2023-09-14 14:33:30.810810810,-0.0,0.0
2023-09-14 14:34:28.468468468,-0.0,0.0
2023-09-14 14:35:26.126126126,-0.0,0.0
2023-09-14 14:36:23.783783783,0.0,0.0
2023-09-14 14:37:21.441441441,0.0,0.0
2023-09-14 14:38:19.099099099,0.0,0.0
2023-09-14 14:39:16.756756756,-0.0,0.0
2023-09-14 14:40:14.414414414,-0.0,0.0
2023-09-14 14:41:12.072072072,-0.0,0.0
2023-09-14 14:42:09.729729729,0.0,0.0
2023-09-14 14:43:07.387387387,0.0,0.0
2023-09-14 14:44:05.045045045,0.0,0.0
2023-09-14 14:45:02.702702702,-0.0,0.0
2023-09-14 14:46:00.360360360,-0.0,0.0
2023-09-14 14:46:58.018018018,-0.0,0.0
2023-09-14 14:47:55.675675675,0.0,0.0
2023-09-14 14:48:53.333333333,0.0,0.0
2023-09-14 14:49:50.990990990,0.0,0.0
2023-09-14 14:50:48.648648648,-0.0,0.0
2023-09-14 14:51:46.306306306,-0.0,0.0
2023-09-14 14:52:43.963963963,-0.0,0.0
2023-09-14 14:53:41.621621621,0.0,0.0
2023-09-14 14:54:39.279279279,0.0,0.0
2023-09-14 14:55:36.936936936,0.0,0.0
2023-09-14 14:56:34.594594594,0.0,0.0
2023-09-14 14:57:32.252252252,-0.0,0.0
2023-09-14 14:58:29.909909909,-0.0,0.0
2023-09-14 14:59:27.567567567,-0.0,0.0
2023-09-14 15:00:25.225225225,0.0,0.0
2023-09-14 15:01:22.882882882,0.0,0.0
2023-09-14 15:02:20.540540540,0.0,0.0
2023-09-14 15:03:18.198198198,-0.0,0.0
2023-09-14 15:04:15.855855855,-0.0,0.0
2023-09-14 15:05:13.513513513,-0.0,0.0
2023-09-14 15:06:11.171171171,0.0,0.0
2023-09-14 15:07:08.828828828,0.0,0.0
2023-09-14 15:08:06.486486486,0.0,0.0
2023-09-14 15:09:04.144144144,-0.0,0.0
2023-09-14 15:10:01.801801801,-0.0,0.0
2023-09-14 15:10:59.459459459,-0.0,0.0
2023-09-14 15:11:57.117117117,0.0,0.0
2023-09-14 15:12:54.774774774,0.0,0.0
2023-09-14 15:13:52.432432432,0.0,0.0
2023-09-14 15:14:50.090090090,-0.0,0.0
2023-09-14 15:15:47.747747747,-0.0,0.0
2023-09-14 15:16:45.405405405,-0.0,0.0
2023-09-14 15:17:43.063063063,-0.0,0.0
2023-09-14 15:18:40.720720720,0.0,0.0
2023-09-14 15:19:38.378378378,0.0,0.0
2023-09-14 15:20:36.036036036,0.0,0.0
2023-09-14 15:21:33.693693693,-0.0,0.0
2023-09-14 15:22:31.351351351,-0.0,0.0
2023-09-14 15:23:29.009009009,-0.0,0.0
2023-09-14 15:24:26.666666666,0.0,0.0
2023-09-14 15:25:24.324324324,0.0,0.0
2023-09-14 15:26:21.981981981,0.0,0.0
2023-09-14 15:27:19.639639639,-0.0,0.0
2023-09-14 15:28:17.297297297,-0.0,0.0
2023-09-14 15:29:14.954954954,-0.0,0.0
2023-09-14 15:30:12.612612612,0.0,0.0
2023-09-14 15:31:10.270270270,0.0,0.0
2023-09-14 15:32:07.927927927,0.0,0.0
2023-09-14 15:33:05.585585585,-0.0,0.0
2023-09-14 15:34:03.243243243,-0.0,0.0
2023-09-14 15:35:00.900900900,-0.0,0.0
2023-09-14 15:35:58.558558558,0.0,0.0
2023-09-14 15:36:56.216216216,0.0,0.0
2023-09-14 15:37:53.873873873,0.0,0.0
2023-09-14 15:38:51.531531531,0.0,0.0
2023-09-14 15:39:49.189189189,-0.0,0.0
2023-09-14 15:40:46.846846846,-0.0,0.0
2023-09-14 15:41:44.504504504,-0.0,0.0
2023-09-14 15:42:42.162162162,0.0,0.0
2023-09-14 15:43:39.819819819,0.0,0.0
2023-09-14 15:44:37.477477477,0.0,0.0
2023-09-14 15:45:35.135135135,-0.0,0.0
2023-09-14 15:46:32.792792792,-0.0,0.0
2023-09-14 15:47:30.450450450,-0.0,0.0
2023-09-14 15:48:28.108108108,0.0,0.0
2023-09-14 15:49:25.765765765,0.0,0.0
2023-09-14 15:50:23.423423423,0.0,0.0
2023-09-14 15:51:21.081081081,-0.0,0.0
2023-09-14 15:52:18.738738738,-0.0,0.0
2023-09-14 15:53:16.396396396,-0.0,0.0
2023-09-14 15:54:14.054054054,0.0,0.0
2023-09-14 15:55:11.711711711,0.0,0.0
2023-09-14 15:56:09.369369369,0.0,0.0
2023-09-14 15:57:07.027027027,-0.0,0.0
2023-09-14 15:58:04.684684684,-0.0,0.0
2023-09-14 15:59:02.342342342,-0.0,0.0
2023-09-14 16:00:00.000000000,-0.0,0.0
