datum_tijd,levering,teruglevering,netto
2023-09-01 00:00:00,0.39,0.0,0.39
2023-09-01 01:00:00,0.39,0.0,0.39
2023-09-01 02:00:00,0.43000000000000005,0.0,0.43000000000000005
2023-09-01 03:00:00,0.35,0.0,0.35
2023-09-01 04:00:00,0.38,0.0,0.38
2023-09-01 05:00:00,0.36,0.0,0.36
2023-09-01 06:00:00,0.5,0.0,0.5
2023-09-01 07:00:00,0.62,0.0,0.62
2023-09-01 08:00:00,0.07,0.18,-0.11
2023-09-01 09:00:00,0.0,0.44999999999999996,-0.44999999999999996
2023-09-01 10:00:00,0.03,0.97,-0.94
2023-09-01 11:00:00,0.0,2.05,-2.05
2023-09-01 12:00:00,0.0,2.79,-2.79
2023-09-01 13:00:00,0.0,3.37,-3.37
2023-09-01 14:00:00,0.0,3.59,-3.59
2023-09-01 15:00:00,0.0,3.58,-3.58
2023-09-01 16:00:00,0.0,3.32,-3.32
2023-09-01 17:00:00,0.29,1.99,-1.7
2023-09-01 18:00:00,0.61,0.56,0.049999999999999906
2023-09-01 19:00:00,0.79,0.15000000000000002,0.6399999999999997
2023-09-01 20:00:00,0.95,0.0,0.95
2023-09-01 21:00:00,0.94,0.0,0.94
2023-09-01 22:00:00,1.08,0.0,1.08
2023-09-01 23:00:00,0.45,0.0,0.45
2023-09-02 00:00:00,0.45,0.0,0.45
2023-09-02 01:00:00,0.46,0.0,0.46
2023-09-02 02:00:00,0.41000000000000003,0.0,0.41000000000000003
2023-09-02 03:00:00,0.38,0.0,0.38
2023-09-02 04:00:00,0.43,0.0,0.43
2023-09-02 05:00:00,0.42000000000000004,0.0,0.42000000000000004
2023-09-02 06:00:00,0.33,0.0,0.33
2023-09-02 07:00:00,0.79,0.0,0.79
2023-09-02 08:00:00,0.33,0.03,0.3
2023-09-02 09:00:00,0.02,0.54,-0.5199999999999999
2023-09-02 10:00:00,0.03,1.01,-0.98
2023-09-02 11:00:00,0.0,1.71,-1.71
2023-09-02 12:00:00,0.0,2.46,-2.46
2023-09-02 13:00:00,0.0,2.9699999999999998,-2.9699999999999998
2023-09-02 14:00:00,0.0,3.39,-3.39
2023-09-02 15:00:00,0.0,3.45,-3.45
2023-09-02 16:00:00,0.0,3.21,-3.21
2023-09-02 17:00:00,0.01,2.13,-2.12
2023-09-02 18:00:00,0.08,0.75,-0.67
2023-09-02 19:00:00,0.43,0.11,0.3200000000000001
2023-09-02 20:00:00,1.16,0.0,1.16
2023-09-02 21:00:00,0.6,0.0,0.6
2023-09-02 22:00:00,0.5800000000000001,0.0,0.5800000000000001
2023-09-02 23:00:00,0.64,0.0,0.64
2023-09-03 00:00:00,0.35000000000000003,0.0,0.35000000000000003
2023-09-03 01:00:00,0.38,0.0,0.38
2023-09-03 02:00:00,0.35,0.0,0.35
2023-09-03 03:00:00,0.41000000000000003,0.0,0.41000000000000003
2023-09-03 04:00:00,0.53,0.0,0.53
2023-09-03 05:00:00,0.47000000000000003,0.0,0.47000000000000003
2023-09-03 06:00:00,0.43,0.0,0.43
2023-09-03 07:00:00,0.29,0.0,0.29
2023-09-03 08:00:00,0.46,0.06999999999999999,0.39
2023-09-03 09:00:00,0.29,0.19,0.0999999999999999
2023-09-03 10:00:00,0.21,0.69,-0.4800000000000001
2023-09-03 11:00:00,0.05,1.4,-1.35
2023-09-03 12:00:00,0.14,1.6300000000000001,-1.49
2023-09-03 13:00:00,0.01,2.7399999999999998,-2.73
2023-09-03 14:00:00,0.0,3.1,-3.1
2023-09-03 15:00:00,0.0,3.0300000000000002,-3.0300000000000002
2023-09-03 16:00:00,0.09,2.04,-1.95
2023-09-03 17:00:00,0.19,1.7200000000000002,-1.53
2023-09-03 18:00:00,0.25,0.9199999999999999,-0.6699999999999999
2023-09-03 19:00:00,0.47000000000000003,0.16999999999999998,0.30000000000000004
2023-09-03 20:00:00,1.85,0.0,1.85
2023-09-03 21:00:00,1.26,0.0,1.26
2023-09-03 22:00:00,0.78,0.0,0.78
2023-09-03 23:00:00,0.43,0.0,0.43
2023-09-04 00:00:00,0.45999999999999996,0.0,0.45999999999999996
2023-09-04 01:00:00,0.5900000000000001,0.0,0.5900000000000001
2023-09-04 02:00:00,0.49,0.0,0.49
2023-09-04 03:00:00,0.32,0.0,0.32
2023-09-04 04:00:00,0.35,0.0,0.35
2023-09-04 05:00:00,0.39,0.0,0.39
2023-09-04 06:00:00,0.33999999999999997,0.0,0.33999999999999997
2023-09-04 07:00:00,0.5,0.0,0.5
2023-09-04 08:00:00,0.32,0.0,0.32
2023-09-04 09:00:00,0.11,0.24,-0.13
2023-09-04 10:00:00,0.0,0.65,-0.65
2023-09-04 11:00:00,0.0,1.47,-1.47
2023-09-04 12:00:00,0.09,1.54,-1.45
2023-09-04 13:00:00,0.01,2.07,-2.06
2023-09-04 14:00:00,0.0,2.16,-2.16
2023-09-04 15:00:00,0.01,1.81,-1.7999999999999998
2023-09-04 16:00:00,0.03,1.09,-1.06
2023-09-04 17:00:00,0.3,0.63,-0.32999999999999996
2023-09-04 18:00:00,0.97,0.01,0.96
2023-09-04 19:00:00,1.16,0.0,1.16
2023-09-04 20:00:00,0.86,0.0,0.86
2023-09-04 21:00:00,0.63,0.0,0.63
2023-09-04 22:00:00,0.44,0.0,0.44
2023-09-04 23:00:00,0.45,0.0,0.45
2023-09-05 00:00:00,0.53,0.0,0.53
2023-09-05 01:00:00,0.47,0.0,0.47
2023-09-05 02:00:00,0.51,0.0,0.51
2023-09-05 03:00:00,0.5800000000000001,0.0,0.5800000000000001
2023-09-05 04:00:00,0.32,0.0,0.32
2023-09-05 05:00:00,0.35,0.0,0.35
2023-09-05 06:00:00,0.36,0.0,0.36
2023-09-05 07:00:00,0.39,0.0,0.39
2023-09-05 08:00:00,0.2,0.060000000000000005,0.14
2023-09-05 09:00:00,0.04,0.5,-0.4599999999999999
2023-09-05 10:00:00,0.0,1.1,-1.1
2023-09-05 11:00:00,0.0,1.75,-1.75
2023-09-05 12:00:00,0.0,2.62,-2.62
2023-09-05 13:00:00,0.0,2.84,-2.84
2023-09-05 14:00:00,0.0,2.82,-2.82
2023-09-05 15:00:00,0.0,2.4299999999999997,-2.4299999999999997
2023-09-05 16:00:00,0.2,1.34,-1.14
2023-09-05 17:00:00,1.73,0.0,1.73
2023-09-05 18:00:00,1.68,0.0,1.68
2023-09-05 19:00:00,1.79,0.0,1.79
2023-09-05 20:00:00,1.31,0.0,1.31
2023-09-05 21:00:00,0.97,0.0,0.97
2023-09-05 22:00:00,0.85,0.0,0.85
2023-09-05 23:00:00,0.59,0.0,0.59
2023-09-06 00:00:00,0.42,0.0,0.42
2023-09-06 01:00:00,0.35,0.0,0.35
2023-09-06 02:00:00,0.34,0.0,0.34
2023-09-06 03:00:00,0.35,0.0,0.35
2023-09-06 04:00:00,0.36,0.0,0.36
2023-09-06 05:00:00,0.33,0.0,0.33
2023-09-06 06:00:00,0.35,0.0,0.35
2023-09-06 07:00:00,0.45999999999999996,0.0,0.45999999999999996
2023-09-06 08:00:00,0.37,0.01,0.36
2023-09-06 09:00:00,0.09999999999999999,0.17,-0.0700000000000001
2023-09-06 10:00:00,0.07,0.5800000000000001,-0.51
2023-09-06 11:00:00,0.0,1.48,-1.48
2023-09-06 12:00:00,0.0,1.96,-1.96
2023-09-06 13:00:00,0.0,2.35,-2.35
2023-09-06 14:00:00,0.0,3.06,-3.06
2023-09-06 15:00:00,0.06,2.05,-1.99
2023-09-06 16:00:00,0.0,1.21,-1.21
2023-09-06 17:00:00,0.4,0.77,-0.3700000000000001
2023-09-06 18:00:00,0.98,0.06,0.9199999999999999
2023-09-06 19:00:00,0.85,0.0,0.85
2023-09-06 20:00:00,0.94,0.0,0.94
2023-09-06 21:00:00,0.8500000000000001,0.0,0.8500000000000001
2023-09-06 22:00:00,0.66,0.0,0.66
2023-09-06 23:00:00,0.52,0.0,0.52
2023-09-07 00:00:00,0.44,0.0,0.44
2023-09-07 01:00:00,0.34,0.0,0.34
2023-09-07 02:00:00,0.32,0.0,0.32
2023-09-07 03:00:00,0.4,0.0,0.4
2023-09-07 04:00:00,0.33999999999999997,0.0,0.33999999999999997
2023-09-07 05:00:00,0.3,0.0,0.3
2023-09-07 06:00:00,0.36,0.0,0.36
2023-09-07 07:00:00,1.02,0.0,1.02
2023-09-07 08:00:00,0.09,0.04,0.05
2023-09-07 09:00:00,0.0,0.39,-0.39
2023-09-07 10:00:00,0.0,0.8300000000000001,-0.8300000000000001
2023-09-07 11:00:00,0.01,1.6,-1.59
2023-09-07 12:00:00,0.0,1.7800000000000002,-1.7800000000000002
2023-09-07 13:00:00,0.0,2.96,-2.96
2023-09-07 14:00:00,0.0,1.71,-1.71
2023-09-07 15:00:00,0.03,2.06,-2.03
2023-09-07 16:00:00,0.14,2.04,-1.9
2023-09-07 17:00:00,0.37,1.08,-0.7100000000000002
2023-09-07 18:00:00,0.59,0.06999999999999999,0.52
2023-09-07 19:00:00,1.9699999999999998,0.0,1.9699999999999998
2023-09-07 20:00:00,1.5,0.0,1.5
2023-09-07 21:00:00,1.83,0.0,1.83
2023-09-07 22:00:00,0.8,0.0,0.8
2023-09-07 23:00:00,0.4,0.0,0.4
2023-09-08 00:00:00,0.34,0.0,0.34
2023-09-08 01:00:00,0.39,0.0,0.39
2023-09-08 02:00:00,0.36,0.0,0.36
2023-09-08 03:00:00,0.33999999999999997,0.0,0.33999999999999997
2023-09-08 04:00:00,0.3,0.0,0.3
2023-09-08 05:00:00,0.39,0.0,0.39
2023-09-08 06:00:00,0.36,0.0,0.36
2023-09-08 07:00:00,0.62,0.0,0.62
2023-09-08 08:00:00,0.5700000000000001,0.0,0.5700000000000001
2023-09-08 09:00:00,0.42,0.0,0.42
2023-09-08 10:00:00,0.32,0.0,0.32
2023-09-08 11:00:00,0.0,0.91,-0.91
2023-09-08 12:00:00,0.04,1.28,-1.2399999999999998
2023-09-08 13:00:00,0.0,2.16,-2.16
2023-09-08 14:00:00,0.12000000000000001,1.58,-1.46
2023-09-08 15:00:00,0.04,2.06,-2.02
2023-09-08 16:00:00,0.0,2.56,-2.56
2023-09-08 17:00:00,1.73,0.11,1.62
2023-09-08 18:00:00,0.42,0.71,-0.2899999999999999
2023-09-08 19:00:00,0.6900000000000001,0.05,0.64
2023-09-08 20:00:00,0.7000000000000001,0.0,0.7000000000000001
2023-09-08 21:00:00,0.71,0.0,0.71
2023-09-08 22:00:00,0.6,0.0,0.6
2023-09-08 23:00:00,0.38,0.0,0.38
2023-09-09 00:00:00,0.43,0.0,0.43
2023-09-09 01:00:00,0.39,0.0,0.39
2023-09-09 02:00:00,0.33,0.0,0.33
2023-09-09 03:00:00,0.33,0.0,0.33
2023-09-09 04:00:00,0.38,0.0,0.38
2023-09-09 05:00:00,0.33999999999999997,0.0,0.33999999999999997
2023-09-09 06:00:00,0.35,0.0,0.35
2023-09-09 07:00:00,0.49,0.0,0.49
2023-09-09 08:00:00,0.22,0.15,0.0700000000000001
2023-09-09 09:00:00,0.04,0.36,-0.32
2023-09-09 10:00:00,0.0,0.42000000000000004,-0.42000000000000004
2023-09-09 11:00:00,0.01,0.36,-0.35
2023-09-09 12:00:00,0.05,0.19,-0.14
2023-09-09 13:00:00,0.0,0.62,-0.62
2023-09-09 14:00:00,0.0,1.5300000000000002,-1.5300000000000002
2023-09-09 15:00:00,0.0,1.6400000000000001,-1.6400000000000001
2023-09-09 16:00:00,0.01,1.3900000000000001,-1.3800000000000001
2023-09-09 17:00:00,1.17,0.2,0.97
2023-09-09 18:00:00,1.26,0.0,1.26
2023-09-09 19:00:00,0.99,0.0,0.99
2023-09-09 20:00:00,0.6200000000000001,0.0,0.6200000000000001
2023-09-09 21:00:00,0.6799999999999999,0.0,0.6799999999999999
2023-09-09 22:00:00,0.6,0.0,0.6
2023-09-09 23:00:00,0.52,0.0,0.52
2023-09-10 00:00:00,0.54,0.0,0.54
2023-09-10 01:00:00,0.56,0.0,0.56
2023-09-10 02:00:00,0.33999999999999997,0.0,0.33999999999999997
2023-09-10 03:00:00,0.33999999999999997,0.0,0.33999999999999997
2023-09-10 04:00:00,0.44,0.0,0.44
2023-09-10 05:00:00,0.33,0.0,0.33
2023-09-10 06:00:00,0.31,0.0,0.31
2023-09-10 07:00:00,0.28,0.0,0.28
2023-09-10 08:00:00,0.11,0.06999999999999999,0.0399999999999999
2023-09-10 09:00:00,0.02,0.25,-0.23
2023-09-10 10:00:00,0.55,0.38,0.17000000000000004
2023-09-10 11:00:00,1.06,0.41000000000000003,0.65
2023-09-10 12:00:00,0.030000000000000002,1.4400000000000002,-1.4100000000000001
2023-09-10 13:00:00,0.0,2.01,-2.01
2023-09-10 14:00:00,0.0,3.3499999999999996,-3.3499999999999996
2023-09-10 15:00:00,0.04,2.45,-2.41
2023-09-10 16:00:00,0.14,1.92,-1.7799999999999998
2023-09-10 17:00:00,0.02,1.6600000000000001,-1.6400000000000001
2023-09-10 18:00:00,0.55,0.52,0.02999999999999997
2023-09-10 19:00:00,0.98,0.0,0.98
2023-09-10 20:00:00,0.93,0.0,0.93
2023-09-10 21:00:00,1.12,0.0,1.12
2023-09-10 22:00:00,0.6,0.0,0.6
2023-09-10 23:00:00,0.45,0.0,0.45
2023-09-11 00:00:00,0.38,0.0,0.38
2023-09-11 01:00:00,0.4,0.0,0.4
2023-09-11 02:00:00,0.35,0.0,0.35
2023-09-11 03:00:00,0.28,0.0,0.28
2023-09-11 04:00:00,0.4,0.0,0.4
2023-09-11 05:00:00,0.33,0.0,0.33
2023-09-11 06:00:00,0.30000000000000004,0.0,0.30000000000000004
2023-09-11 07:00:00,0.33,0.0,0.33
2023-09-11 08:00:00,0.34,0.0,0.34
2023-09-11 09:00:00,0.2,0.07,0.13
2023-09-11 10:00:00,0.01,0.98,-0.97
2023-09-11 11:00:00,0.03,1.0,-0.9699999999999999
2023-09-11 12:00:00,0.16,1.3900000000000001,-1.23
2023-09-11 13:00:00,0.01,2.3899999999999997,-2.38
2023-09-11 14:00:00,0.19,0.30000000000000004,-0.11000000000000001
2023-09-11 15:00:00,0.0,2.11,-2.11
2023-09-11 16:00:00,0.1,0.30000000000000004,-0.2
2023-09-11 17:00:00,0.03,1.27,-1.24
2023-09-11 18:00:00,0.97,0.25,0.7199999999999998
2023-09-11 19:00:00,1.14,0.0,1.14
2023-09-11 20:00:00,1.27,0.0,1.27
2023-09-11 21:00:00,0.7,0.0,0.7
2023-09-11 22:00:00,0.52,0.0,0.52
2023-09-11 23:00:00,0.5,0.0,0.5
2023-09-12 00:00:00,0.39,0.0,0.39
2023-09-12 01:00:00,0.33999999999999997,0.0,0.33999999999999997
2023-09-12 02:00:00,0.34,0.0,0.34
2023-09-12 03:00:00,0.38,0.0,0.38
2023-09-12 04:00:00,0.35,0.0,0.35
2023-09-12 05:00:00,0.36,0.0,0.36
2023-09-12 06:00:00,0.32,0.0,0.32
2023-09-12 07:00:00,0.77,0.0,0.77
2023-09-12 08:00:00,0.82,0.05,0.77
2023-09-12 09:00:00,0.06,0.12,-0.06
2023-09-12 10:00:00,0.05,0.65,-0.6000000000000001
2023-09-12 11:00:00,0.0,1.74,-1.74
2023-09-12 12:00:00,0.0,2.31,-2.31
2023-09-12 13:00:00,0.0,2.87,-2.87
2023-09-12 14:00:00,0.0,2.82,-2.82
2023-09-12 15:00:00,0.0,2.34,-2.34
2023-09-12 16:00:00,0.0,2.28,-2.28
2023-09-12 17:00:00,0.03,1.33,-1.3
2023-09-12 18:00:00,0.53,0.22000000000000003,0.30999999999999994
2023-09-12 19:00:00,0.92,0.0,0.92
2023-09-12 20:00:00,0.61,0.0,0.61
2023-09-12 21:00:00,0.61,0.0,0.61
2023-09-12 22:00:00,0.52,0.0,0.52
2023-09-12 23:00:00,0.39,0.0,0.39
2023-09-13 00:00:00,0.32,0.0,0.32
2023-09-13 01:00:00,0.37,0.0,0.37
2023-09-13 02:00:00,0.37,0.0,0.37
2023-09-13 03:00:00,0.35,0.0,0.35
2023-09-13 04:00:00,0.35000000000000003,0.0,0.35000000000000003
2023-09-13 05:00:00,0.35,0.0,0.35
2023-09-13 06:00:00,0.36,0.0,0.36
2023-09-13 07:00:00,0.41000000000000003,0.0,0.41000000000000003
2023-09-13 08:00:00,0.62,0.0,0.62
2023-09-13 09:00:00,1.33,0.0,1.33
2023-09-13 10:00:00,0.3,0.28,0.01999999999999999
2023-09-13 11:00:00,0.16,1.07,-0.9100000000000001
2023-09-13 12:00:00,0.01,1.8,-1.79
2023-09-13 13:00:00,0.36,1.8,-1.44
2023-09-13 14:00:00,0.44,1.17,-0.7299999999999998
2023-09-13 15:00:00,0.08,2.08,-2.0
2023-09-13 16:00:00,0.0,1.27,-1.27
2023-09-13 17:00:00,0.51,0.45,0.05999999999999989
2023-09-13 18:00:00,0.56,0.1,0.46
2023-09-13 19:00:00,1.03,0.0,1.03
2023-09-13 20:00:00,1.08,0.0,1.08
2023-09-13 21:00:00,0.5,0.0,0.5
2023-09-13 22:00:00,0.43,0.0,0.43
2023-09-13 23:00:00,0.52,0.0,0.52
2023-09-14 00:00:00,0.56,0.0,0.56
2023-09-14 01:00:00,0.39,0.0,0.39
2023-09-14 02:00:00,0.38,0.0,0.38
2023-09-14 03:00:00,0.31,0.0,0.31
2023-09-14 04:00:00,0.33,0.0,0.33
2023-09-14 05:00:00,0.41000000000000003,0.0,0.41000000000000003
2023-09-14 06:00:00,0.33,0.0,0.33
2023-09-14 07:00:00,0.49,0.0,0.49
2023-09-14 08:00:00,0.21000000000000002,0.02,0.19
2023-09-14 09:00:00,0.0,0.29000000000000004,-0.29000000000000004
2023-09-14 10:00:00,0.0,0.5700000000000001,-0.5700000000000001
2023-09-14 11:00:00,0.04,0.41000000000000003,-0.3699999999999999
2023-09-14 12:00:00,0.0,0.79,-0.79
2023-09-14 13:00:00,0.0,1.24,-1.24
2023-09-14 14:00:00,0.01,0.7,-0.69
2023-09-14 15:00:00,0.03,0.68,-0.65
2023-09-14 16:00:00,0.0,1.3,-1.3
2023-09-14 17:00:00,0.74,0.19,0.5499999999999999
2023-09-14 18:00:00,0.78,0.05,0.73
2023-09-14 19:00:00,0.8200000000000001,0.0,0.8200000000000001
2023-09-14 20:00:00,1.14,0.0,1.14
2023-09-14 21:00:00,0.72,0.0,0.72
2023-09-14 22:00:00,0.5900000000000001,0.0,0.5900000000000001
2023-09-14 23:00:00,0.38,0.0,0.38
2023-09-15 00:00:00,0.32,0.0,0.32
2023-09-15 01:00:00,0.38,0.0,0.38
2023-09-15 02:00:00,0.64,0.0,0.64
2023-09-15 03:00:00,0.51,0.0,0.51
2023-09-15 04:00:00,0.52,0.0,0.52
2023-09-15 05:00:00,0.48,0.0,0.48
2023-09-15 06:00:00,0.46,0.0,0.46
2023-09-15 07:00:00,0.45000000000000007,0.0,0.45000000000000007
2023-09-15 08:00:00,0.07,0.04,0.029999999999999902
2023-09-15 09:00:00,0.08,0.16,-0.0799999999999999
2023-09-15 10:00:00,0.0,0.61,-0.61
2023-09-15 11:00:00,0.0,1.2,-1.2
2023-09-15 12:00:00,0.0,1.36,-1.36
2023-09-15 13:00:00,0.07,1.48,-1.4100000000000001
2023-09-15 14:00:00,0.1,1.8900000000000001,-1.79
2023-09-15 15:00:00,0.11,1.46,-1.35
2023-09-15 16:00:00,0.14,1.9600000000000002,-1.8200000000000003
2023-09-15 17:00:00,0.76,0.43,0.32999999999999996
2023-09-15 18:00:00,0.46,0.05,0.4099999999999999
2023-09-15 19:00:00,0.43,0.02,0.4099999999999999
2023-09-15 20:00:00,1.56,0.0,1.56
2023-09-15 21:00:00,1.2300000000000002,0.0,1.2300000000000002
2023-09-15 22:00:00,0.65,0.0,0.65
2023-09-15 23:00:00,0.8,0.0,0.8
2023-09-16 00:00:00,0.72,0.0,0.72
2023-09-16 01:00:00,0.36,0.0,0.36
2023-09-16 02:00:00,0.41,0.0,0.41
2023-09-16 03:00:00,0.32,0.0,0.32
2023-09-16 04:00:00,0.32,0.0,0.32
2023-09-16 05:00:00,0.32,0.0,0.32
2023-09-16 06:00:00,0.38,0.0,0.38
2023-09-16 07:00:00,0.75,0.0,0.75
2023-09-16 08:00:00,0.35,0.24,0.10999999999999988
2023-09-16 09:00:00,0.060000000000000005,0.29,-0.2299999999999998
2023-09-16 10:00:00,0.0,0.78,-0.78
2023-09-16 11:00:00,0.02,0.6699999999999999,-0.65
2023-09-16 12:00:00,0.0,2.37,-2.37
2023-09-16 13:00:00,0.01,2.64,-2.63
2023-09-16 14:00:00,0.0,2.92,-2.92
2023-09-16 15:00:00,0.0,3.23,-3.23
2023-09-16 16:00:00,0.02,1.79,-1.77
2023-09-16 17:00:00,0.22999999999999998,0.74,-0.5099999999999999
2023-09-16 18:00:00,1.35,0.18,1.17
2023-09-16 19:00:00,1.58,0.0,1.58
2023-09-16 20:00:00,1.48,0.0,1.48
2023-09-16 21:00:00,0.99,0.0,0.99
2023-09-16 22:00:00,0.54,0.0,0.54
2023-09-16 23:00:00,0.49000000000000005,0.0,0.49000000000000005
2023-09-17 00:00:00,0.33,0.0,0.33
2023-09-17 01:00:00,0.39,0.0,0.39
2023-09-17 02:00:00,0.36,0.0,0.36
2023-09-17 03:00:00,0.31,0.0,0.31
2023-09-17 04:00:00,0.33,0.0,0.33
2023-09-17 05:00:00,0.43,0.0,0.43
2023-09-17 06:00:00,0.30000000000000004,0.0,0.30000000000000004
2023-09-17 07:00:00,0.27,0.0,0.27
2023-09-17 08:00:00,0.16,0.13,0.03
2023-09-17 09:00:00,0.25,0.38,-0.13
2023-09-17 10:00:00,0.14,0.91,-0.77
2023-09-17 11:00:00,1.3399999999999999,0.16,1.18
2023-09-17 12:00:00,0.31,1.4300000000000002,-1.12
2023-09-17 13:00:00,0.02,1.32,-1.3
2023-09-17 14:00:00,0.35,1.29,-0.94
2023-09-17 15:00:00,0.61,1.05,-0.43999999999999984
2023-09-17 16:00:00,0.38,0.71,-0.3299999999999999
2023-09-17 17:00:00,1.25,0.53,0.72
2023-09-17 18:00:00,0.8,0.0,0.8
2023-09-17 19:00:00,0.99,0.0,0.99
2023-09-17 20:00:00,1.01,0.0,1.01
2023-09-17 21:00:00,0.66,0.0,0.66
2023-09-17 22:00:00,0.51,0.0,0.51
2023-09-17 23:00:00,0.8,0.0,0.8
2023-09-18 00:00:00,0.6799999999999999,0.0,0.6799999999999999
2023-09-18 01:00:00,0.30000000000000004,0.0,0.30000000000000004
2023-09-18 02:00:00,0.8600000000000001,0.0,0.8600000000000001
2023-09-18 03:00:00,0.33,0.0,0.33
2023-09-18 04:00:00,0.30000000000000004,0.0,0.30000000000000004
2023-09-18 05:00:00,0.28,0.0,0.28
2023-09-18 06:00:00,0.43,0.0,0.43
2023-09-18 07:00:00,0.49,0.0,0.49
2023-09-18 08:00:00,0.34,0.0,0.34
2023-09-18 09:00:00,0.39999999999999997,0.0,0.39999999999999997
2023-09-18 10:00:00,0.09,0.07,0.01999999999999999
2023-09-18 11:00:00,0.18,0.09,0.09
2023-09-18 12:00:00,0.48,0.12,0.36
2023-09-18 13:00:00,0.31,0.05,0.2600000000000001
2023-09-18 14:00:00,0.5,0.0,0.5
2023-09-18 15:00:00,0.47,0.0,0.47
2023-09-18 16:00:00,0.34,0.0,0.34
2023-09-18 17:00:00,0.12,0.18,-0.06
2023-09-18 18:00:00,0.04,0.68,-0.64
2023-09-18 19:00:00,0.44,0.0,0.44
2023-09-18 20:00:00,0.6000000000000001,0.0,0.6000000000000001
2023-09-18 21:00:00,0.51,0.0,0.51
2023-09-18 22:00:00,0.54,0.0,0.54
2023-09-18 23:00:00,0.4,0.0,0.4
2023-09-19 00:00:00,0.64,0.0,0.64
2023-09-19 01:00:00,0.6799999999999999,0.0,0.6799999999999999
2023-09-19 02:00:00,0.63,0.0,0.63
2023-09-19 03:00:00,0.64,0.0,0.64
2023-09-19 04:00:00,0.6799999999999999,0.0,0.6799999999999999
2023-09-19 05:00:00,0.87,0.0,0.87
2023-09-19 06:00:00,1.01,0.0,1.01
2023-09-19 07:00:00,0.8200000000000001,0.0,0.8200000000000001
2023-09-19 08:00:00,0.5700000000000001,0.0,0.5700000000000001
2023-09-19 09:00:00,0.89,0.01,0.88
2023-09-19 10:00:00,0.8300000000000001,0.08,0.75
2023-09-19 11:00:00,0.31000000000000005,0.53,-0.21999999999999997
2023-09-19 12:00:00,0.02,1.32,-1.3
2023-09-19 13:00:00,0.0,2.15,-2.15
2023-09-19 14:00:00,0.05,2.79,-2.7399999999999998
2023-09-19 15:00:00,0.0,1.1500000000000001,-1.1500000000000001
2023-09-19 16:00:00,0.0,1.1600000000000001,-1.1600000000000001
2023-09-19 17:00:00,1.32,0.31,1.0099999999999998
2023-09-19 18:00:00,0.73,0.02,0.71
2023-09-19 19:00:00,0.9,0.0,0.9
2023-09-19 20:00:00,1.01,0.0,1.01
2023-09-19 21:00:00,0.77,0.0,0.77
2023-09-19 22:00:00,0.92,0.0,0.92
2023-09-19 23:00:00,0.38,0.0,0.38
2023-09-20 00:00:00,0.34,0.0,0.34
2023-09-20 01:00:00,0.42,0.0,0.42
2023-09-20 02:00:00,0.33999999999999997,0.0,0.33999999999999997
2023-09-20 03:00:00,0.32,0.0,0.32
2023-09-20 04:00:00,0.38,0.0,0.38
2023-09-20 05:00:00,0.30000000000000004,0.0,0.30000000000000004
2023-09-20 06:00:00,0.8,0.0,0.8
2023-09-20 07:00:00,0.88,0.0,0.88
2023-09-20 08:00:00,0.7,0.0,0.7
2023-09-20 09:00:00,0.12,0.0,0.12
2023-09-20 10:00:00,0.07,0.26,-0.18999999999999992
2023-09-20 11:00:00,0.0,0.52,-0.52
2023-09-20 12:00:00,0.0,1.09,-1.09
2023-09-20 13:00:00,0.0,1.6099999999999999,-1.6099999999999999
2023-09-20 14:00:00,0.02,1.77,-1.75
2023-09-20 15:00:00,0.0,1.0,-1.0
2023-09-20 16:00:00,0.39,0.59,-0.19999999999999996
2023-09-20 17:00:00,0.37000000000000005,0.31999999999999995,0.050000000000000225
2023-09-20 18:00:00,0.08,0.51,-0.43
2023-09-20 19:00:00,0.75,0.0,0.75
2023-09-20 20:00:00,0.8400000000000001,0.0,0.8400000000000001
2023-09-20 21:00:00,0.86,0.0,0.86
2023-09-20 22:00:00,0.73,0.0,0.73
2023-09-20 23:00:00,0.9299999999999999,0.0,0.9299999999999999
2023-09-21 00:00:00,0.95,0.0,0.95
2023-09-21 01:00:00,0.96,0.0,0.96
2023-09-21 02:00:00,0.84,0.0,0.84
2023-09-21 03:00:00,0.65,0.0,0.65
2023-09-21 04:00:00,0.73,0.0,0.73
2023-09-21 05:00:00,0.65,0.0,0.65
2023-09-21 06:00:00,0.61,0.0,0.61
2023-09-21 07:00:00,0.75,0.0,0.75
2023-09-21 08:00:00,0.54,0.0,0.54
2023-09-21 09:00:00,0.27,0.03,0.24
2023-09-21 10:00:00,0.0,0.53,-0.53
2023-09-21 11:00:00,0.16,0.79,-0.6299999999999998
2023-09-21 12:00:00,0.0,2.06,-2.06
2023-09-21 13:00:00,0.0,2.88,-2.88
2023-09-21 14:00:00,0.21000000000000002,1.45,-1.2399999999999998
2023-09-21 15:00:00,0.0,2.24,-2.24
2023-09-21 16:00:00,0.04,0.67,-0.63
2023-09-21 17:00:00,0.68,0.29,0.3899999999999999
2023-09-21 18:00:00,0.81,0.02,0.7899999999999999
2023-09-21 19:00:00,1.27,0.0,1.27
2023-09-21 20:00:00,1.48,0.0,1.48
2023-09-21 21:00:00,1.08,0.0,1.08
2023-09-21 22:00:00,0.9,0.0,0.9
2023-09-21 23:00:00,0.75,0.0,0.75
2023-09-22 00:00:00,0.63,0.0,0.63
2023-09-22 01:00:00,0.29000000000000004,0.0,0.29000000000000004
2023-09-22 02:00:00,0.32,0.0,0.32
2023-09-22 03:00:00,0.39,0.0,0.39
2023-09-22 04:00:00,0.42000000000000004,0.0,0.42000000000000004
2023-09-22 05:00:00,0.51,0.0,0.51
2023-09-22 06:00:00,0.46,0.0,0.46
2023-09-22 07:00:00,0.7000000000000001,0.0,0.7000000000000001
2023-09-22 08:00:00,0.35000000000000003,0.03,0.32
2023-09-22 09:00:00,0.09999999999999999,0.11000000000000001,-0.010000000000000002
2023-09-22 10:00:00,0.05,0.6,-0.55
2023-09-22 11:00:00,0.01,1.58,-1.57
2023-09-22 12:00:00,0.0,2.46,-2.46
2023-09-22 13:00:00,0.0,3.02,-3.02
2023-09-22 14:00:00,0.0,2.96,-2.96
2023-09-22 15:00:00,0.0,2.73,-2.73
2023-09-22 16:00:00,0.03,1.74,-1.71
2023-09-22 17:00:00,0.07,1.0,-0.9299999999999999
2023-09-22 18:00:00,0.72,0.16,0.56
2023-09-22 19:00:00,0.68,0.0,0.68
2023-09-22 20:00:00,1.09,0.0,1.09
2023-09-22 21:00:00,0.67,0.0,0.67
2023-09-22 22:00:00,0.46,0.0,0.46
2023-09-22 23:00:00,0.44,0.0,0.44
2023-09-23 00:00:00,0.31,0.0,0.31
2023-09-23 01:00:00,0.36,0.0,0.36
2023-09-23 02:00:00,0.32,0.0,0.32
2023-09-23 03:00:00,0.36,0.0,0.36
2023-09-23 04:00:00,0.36,0.0,0.36
2023-09-23 05:00:00,0.28,0.0,0.28
2023-09-23 06:00:00,0.38,0.0,0.38
2023-09-23 07:00:00,0.46,0.0,0.46
2023-09-23 08:00:00,0.6100000000000001,0.0,0.6100000000000001
2023-09-23 09:00:00,0.71,0.0,0.71
2023-09-23 10:00:00,0.47,0.0,0.47
2023-09-23 11:00:00,0.43,0.0,0.43
2023-09-23 12:00:00,1.01,0.0,1.01
2023-09-23 13:00:00,0.29000000000000004,0.0,0.29000000000000004
2023-09-23 14:00:00,0.04,0.17,-0.13000000000000012
2023-09-23 15:00:00,0.06,0.16,-0.1
2023-09-23 16:00:00,0.32999999999999996,0.02,0.3099999999999999
2023-09-23 17:00:00,0.85,0.03,0.82
2023-09-23 18:00:00,0.78,0.0,0.78
2023-09-23 19:00:00,0.8999999999999999,0.0,0.8999999999999999
2023-09-23 20:00:00,1.51,0.0,1.51
2023-09-23 21:00:00,0.76,0.0,0.76
2023-09-23 22:00:00,0.5900000000000001,0.0,0.5900000000000001
2023-09-23 23:00:00,0.39,0.0,0.39
2023-09-24 00:00:00,0.46,0.0,0.46
2023-09-24 01:00:00,0.35,0.0,0.35
2023-09-24 02:00:00,0.35,0.0,0.35
2023-09-24 03:00:00,0.36000000000000004,0.0,0.36000000000000004
2023-09-24 04:00:00,0.33,0.0,0.33
2023-09-24 05:00:00,0.32,0.0,0.32
2023-09-24 06:00:00,0.37,0.0,0.37
2023-09-24 07:00:00,0.32,0.0,0.32
2023-09-24 08:00:00,0.35,0.0,0.35
2023-09-24 09:00:00,0.81,0.0,0.81
2023-09-24 10:00:00,0.29,0.01,0.27999999999999997
2023-09-24 11:00:00,0.09,0.33,-0.2400000000000001
2023-09-24 12:00:00,0.04,1.32,-1.28
2023-09-24 13:00:00,0.05,1.21,-1.16
2023-09-24 14:00:00,0.03,1.12,-1.0899999999999999
2023-09-24 15:00:00,0.12000000000000001,1.52,-1.4
2023-09-24 16:00:00,0.0,2.5,-2.5
2023-09-24 17:00:00,0.4,1.1,-0.7
2023-09-24 18:00:00,0.19,0.17,0.019999999999999893
2023-09-24 19:00:00,0.77,0.0,0.77
2023-09-24 20:00:00,1.32,0.0,1.32
2023-09-24 21:00:00,0.95,0.0,0.95
2023-09-24 22:00:00,0.9,0.0,0.9
2023-09-24 23:00:00,1.05,0.0,1.05
2023-09-25 00:00:00,0.56,0.0,0.56
2023-09-25 01:00:00,0.46,0.0,0.46
2023-09-25 02:00:00,0.53,0.0,0.53
2023-09-25 03:00:00,0.49,0.0,0.49
2023-09-25 04:00:00,0.38,0.0,0.38
2023-09-25 05:00:00,0.35,0.0,0.35
2023-09-25 06:00:00,0.37,0.0,0.37
2023-09-25 07:00:00,0.54,0.0,0.54
2023-09-25 08:00:00,0.33,0.0,0.33
2023-09-25 09:00:00,1.09,0.0,1.09
2023-09-25 10:00:00,0.99,0.09,0.9
2023-09-25 11:00:00,0.34,0.31,0.030000000000000027
2023-09-25 12:00:00,0.49,0.52,-0.03000000000000011
2023-09-25 13:00:00,0.16,0.82,-0.6599999999999998
2023-09-25 14:00:00,0.4,1.3800000000000001,-0.9799999999999999
2023-09-25 15:00:00,0.51,0.49,0.020000000000000018
2023-09-25 16:00:00,0.27,0.05,0.22
2023-09-25 17:00:00,0.97,0.04,0.9299999999999999
2023-09-25 18:00:00,1.71,0.0,1.71
2023-09-25 19:00:00,0.95,0.0,0.95
2023-09-25 20:00:00,1.05,0.0,1.05
2023-09-25 21:00:00,0.51,0.0,0.51
2023-09-25 22:00:00,0.47,0.0,0.47
2023-09-25 23:00:00,0.32,0.0,0.32
2023-09-26 00:00:00,0.39,0.0,0.39
2023-09-26 01:00:00,0.33,0.0,0.33
2023-09-26 02:00:00,0.34,0.0,0.34
2023-09-26 03:00:00,0.33999999999999997,0.0,0.33999999999999997
2023-09-26 04:00:00,0.35,0.0,0.35
2023-09-26 05:00:00,0.35,0.0,0.35
2023-09-26 06:00:00,0.55,0.0,0.55
2023-09-26 07:00:00,0.89,0.0,0.89
2023-09-26 08:00:00,0.9400000000000001,0.0,0.9400000000000001
2023-09-26 09:00:00,0.41000000000000003,0.0,0.41000000000000003
2023-09-26 10:00:00,0.4,0.0,0.4
2023-09-26 11:00:00,0.25,0.02,0.2299999999999999
2023-09-26 12:00:00,0.13,0.21000000000000002,-0.08
2023-09-26 13:00:00,0.65,0.6,0.04999999999999999
2023-09-26 14:00:00,0.24,0.32,-0.07999999999999999
2023-09-26 15:00:00,0.13,0.31,-0.18
2023-09-26 16:00:00,0.0,0.9,-0.9
2023-09-26 17:00:00,1.21,0.08,1.1300000000000001
2023-09-26 18:00:00,1.5499999999999998,0.0,1.5499999999999998
2023-09-26 19:00:00,0.78,0.0,0.78
2023-09-26 20:00:00,0.5700000000000001,0.0,0.5700000000000001
2023-09-26 21:00:00,0.6,0.0,0.6
2023-09-26 22:00:00,0.43,0.0,0.43
2023-09-26 23:00:00,0.7799999999999999,0.0,0.7799999999999999
2023-09-27 00:00:00,0.48,0.0,0.48
2023-09-27 01:00:00,0.71,0.0,0.71
2023-09-27 02:00:00,0.6799999999999999,0.0,0.6799999999999999
2023-09-27 03:00:00,0.63,0.0,0.63
2023-09-27 04:00:00,0.7,0.0,0.7
2023-09-27 05:00:00,0.67,0.0,0.67
2023-09-27 06:00:00,0.66,0.0,0.66
2023-09-27 07:00:00,0.85,0.0,0.85
2023-09-27 08:00:00,1.06,0.0,1.06
2023-09-27 09:00:00,0.44,0.01,0.43
2023-09-27 10:00:00,0.31000000000000005,0.01,0.30000000000000004
2023-09-27 11:00:00,0.21000000000000002,0.14,0.07
2023-09-27 12:00:00,0.0,0.22,-0.22
2023-09-27 13:00:00,0.12,0.28,-0.15999999999999998
2023-09-27 14:00:00,0.0,0.43000000000000005,-0.43000000000000005
2023-09-27 15:00:00,0.71,0.0,0.71
2023-09-27 16:00:00,0.9700000000000001,0.01,0.9600000000000001
2023-09-27 17:00:00,0.63,0.0,0.63
2023-09-27 18:00:00,2.21,0.0,2.21
2023-09-27 19:00:00,1.7,0.0,1.7
2023-09-27 20:00:00,0.63,0.0,0.63
2023-09-27 21:00:00,0.96,0.0,0.96
2023-09-27 22:00:00,0.6599999999999999,0.0,0.6599999999999999
2023-09-27 23:00:00,0.52,0.0,0.52
2023-09-28 00:00:00,0.53,0.0,0.53
2023-09-28 01:00:00,0.76,0.0,0.76
2023-09-28 02:00:00,0.74,0.0,0.74
2023-09-28 03:00:00,0.6900000000000001,0.0,0.6900000000000001
2023-09-28 04:00:00,0.71,0.0,0.71
2023-09-28 05:00:00,0.88,0.0,0.88
2023-09-28 06:00:00,0.64,0.0,0.64
2023-09-28 07:00:00,0.69,0.0,0.69
2023-09-28 08:00:00,0.69,0.0,0.69
2023-09-28 09:00:00,0.1,0.04,0.06
2023-09-28 10:00:00,0.0,0.4,-0.4
2023-09-28 11:00:00,0.0,1.5,-1.5
2023-09-28 12:00:00,0.05,1.1099999999999999,-1.06
2023-09-28 13:00:00,0.06,1.2600000000000002,-1.2000000000000002
2023-09-28 14:00:00,0.02,1.23,-1.21
2023-09-28 15:00:00,0.38,0.0,0.38
2023-09-28 16:00:00,0.38,0.6699999999999999,-0.29
2023-09-28 17:00:00,0.61,0.52,0.09000000000000011
2023-09-28 18:00:00,0.73,0.0,0.73
2023-09-28 19:00:00,1.04,0.0,1.04
2023-09-28 20:00:00,1.04,0.0,1.04
2023-09-28 21:00:00,1.35,0.0,1.35
2023-09-28 22:00:00,0.52,0.0,0.52
2023-09-28 23:00:00,0.62,0.0,0.62
2023-09-29 00:00:00,0.38,0.0,0.38
2023-09-29 01:00:00,0.49,0.0,0.49
2023-09-29 02:00:00,0.33,0.0,0.33
2023-09-29 03:00:00,0.64,0.0,0.64
2023-09-29 04:00:00,0.66,0.0,0.66
2023-09-29 05:00:00,0.73,0.0,0.73
2023-09-29 06:00:00,0.87,0.0,0.87
2023-09-29 07:00:00,0.85,0.0,0.85
2023-09-29 08:00:00,1.51,0.0,1.51
2023-09-29 09:00:00,0.83,0.0,0.83
2023-09-29 10:00:00,0.28,0.05,0.23000000000000004
2023-09-29 11:00:00,0.22999999999999998,0.27,-0.04000000000000001
2023-09-29 12:00:00,0.08,0.9,-0.82
2023-09-29 13:00:00,0.03,1.7799999999999998,-1.75
2023-09-29 14:00:00,0.0,2.85,-2.85
2023-09-29 15:00:00,0.03,1.9,-1.87
2023-09-29 16:00:00,0.16,0.99,-0.8300000000000001
2023-09-29 17:00:00,2.46,0.0,2.46
2023-09-29 18:00:00,0.8600000000000001,0.0,0.8600000000000001
2023-09-29 19:00:00,0.67,0.0,0.67
2023-09-29 20:00:00,1.47,0.0,1.47
2023-09-29 21:00:00,1.02,0.0,1.02
2023-09-29 22:00:00,0.9099999999999999,0.0,0.9099999999999999
2023-09-29 23:00:00,0.38,0.0,0.38
2023-09-30 00:00:00,0.37,0.0,0.37
2023-09-30 01:00:00,0.36,0.0,0.36
2023-09-30 02:00:00,0.32,0.0,0.32
2023-09-30 03:00:00,0.32,0.0,0.32
2023-09-30 04:00:00,0.37,0.0,0.37
2023-09-30 05:00:00,0.74,0.0,0.74
2023-09-30 06:00:00,0.61,0.0,0.61
2023-09-30 07:00:00,0.81,0.0,0.81
2023-09-30 08:00:00,0.78,0.0,0.78
2023-09-30 09:00:00,1.78,0.0,1.78
2023-09-30 10:00:00,0.92,0.01,0.91
2023-09-30 11:00:00,0.48000000000000004,0.65,-0.16999999999999987
2023-09-30 12:00:00,0.0,1.8699999999999999,-1.8699999999999999
2023-09-30 13:00:00,0.0,2.07,-2.07
2023-09-30 14:00:00,0.32,0.53,-0.21
2023-09-30 15:00:00,0.01,1.5899999999999999,-1.5799999999999998
2023-09-30 16:00:00,0.04,0.7,-0.6599999999999999
2023-09-30 17:00:00,0.53,0.55,-0.020000000000000018
2023-09-30 18:00:00,0.54,0.0,0.54
2023-09-30 19:00:00,0.59,0.0,0.59
2023-09-30 20:00:00,0.5700000000000001,0.0,0.5700000000000001
2023-09-30 21:00:00,1.28,0.0,1.28
2023-09-30 22:00:00,0.54,0.0,0.54
2023-09-30 23:00:00,0.4,0.0,0.4
